,名前,名称-リンク先,URL
0,豊臣秀吉,狩野光信,https://ja.wikipedia.org/wiki/%E7%8B%A9%E9%87%8E%E5%85%89%E4%BF%A1
1,豊臣秀吉,高台寺,https://ja.wikipedia.org/wiki/%E9%AB%98%E5%8F%B0%E5%AF%BA
2,豊臣秀吉,戦国時代 (日本),https://ja.wikipedia.org/wiki/%E6%88%A6%E5%9B%BD%E6%99%82%E4%BB%A3_(%E6%97%A5%E6%9C%AC)
3,豊臣秀吉,室町時代,https://ja.wikipedia.org/wiki/%E5%AE%A4%E7%94%BA%E6%99%82%E4%BB%A3
4,豊臣秀吉,安土桃山時代,https://ja.wikipedia.org/wiki/%E5%AE%89%E5%9C%9F%E6%A1%83%E5%B1%B1%E6%99%82%E4%BB%A3
5,豊臣秀吉,天文 (元号),https://ja.wikipedia.org/wiki/%E5%A4%A9%E6%96%87_(%E5%85%83%E5%8F%B7)
6,豊臣秀吉,2月6日 (旧暦),https://ja.wikipedia.org/wiki/2%E6%9C%886%E6%97%A5_(%E6%97%A7%E6%9A%A6)
7,豊臣秀吉,ユリウス暦,https://ja.wikipedia.org/wiki/%E3%83%A6%E3%83%AA%E3%82%A6%E3%82%B9%E6%9A%A6
8,豊臣秀吉,1537年,https://ja.wikipedia.org/wiki/1537%E5%B9%B4
9,豊臣秀吉,3月17日,https://ja.wikipedia.org/wiki/3%E6%9C%8817%E6%97%A5
10,豊臣秀吉,先発グレゴリオ暦,https://ja.wikipedia.org/wiki/%E5%85%88%E7%99%BA%E3%82%B0%E3%83%AC%E3%82%B4%E3%83%AA%E3%82%AA%E6%9A%A6
11,豊臣秀吉,3月27日,https://ja.wikipedia.org/wiki/3%E6%9C%8827%E6%97%A5
12,豊臣秀吉,慶長,https://ja.wikipedia.org/wiki/%E6%85%B6%E9%95%B7
13,豊臣秀吉,8月18日 (旧暦),https://ja.wikipedia.org/wiki/8%E6%9C%8818%E6%97%A5_(%E6%97%A7%E6%9A%A6)
14,豊臣秀吉,グレゴリオ暦,https://ja.wikipedia.org/wiki/%E3%82%B0%E3%83%AC%E3%82%B4%E3%83%AA%E3%82%AA%E6%9A%A6
15,豊臣秀吉,1598年,https://ja.wikipedia.org/wiki/1598%E5%B9%B4
16,豊臣秀吉,9月18日,https://ja.wikipedia.org/wiki/9%E6%9C%8818%E6%97%A5
17,豊臣秀吉,豊国神社 (京都市),https://ja.wikipedia.org/wiki/%E8%B1%8A%E5%9B%BD%E7%A5%9E%E7%A4%BE_(%E4%BA%AC%E9%83%BD%E5%B8%82)
18,豊臣秀吉,京都市,https://ja.wikipedia.org/wiki/%E4%BA%AC%E9%83%BD%E5%B8%82
19,豊臣秀吉,東山区,https://ja.wikipedia.org/wiki/%E6%9D%B1%E5%B1%B1%E5%8C%BA
20,豊臣秀吉,不動院 (広島市),https://ja.wikipedia.org/wiki/%E4%B8%8D%E5%8B%95%E9%99%A2_(%E5%BA%83%E5%B3%B6%E5%B8%82)
21,豊臣秀吉,広島市,https://ja.wikipedia.org/wiki/%E5%BA%83%E5%B3%B6%E5%B8%82
22,豊臣秀吉,東区 (広島市),https://ja.wikipedia.org/wiki/%E6%9D%B1%E5%8C%BA_(%E5%BA%83%E5%B3%B6%E5%B8%82)
23,豊臣秀吉,高野山,https://ja.wikipedia.org/wiki/%E9%AB%98%E9%87%8E%E5%B1%B1
24,豊臣秀吉,和歌山県,https://ja.wikipedia.org/wiki/%E5%92%8C%E6%AD%8C%E5%B1%B1%E7%9C%8C
25,豊臣秀吉,高野町,https://ja.wikipedia.org/wiki/%E9%AB%98%E9%87%8E%E7%94%BA
26,豊臣秀吉,国泰寺 (広島市),https://ja.wikipedia.org/wiki/%E5%9B%BD%E6%B3%B0%E5%AF%BA_(%E5%BA%83%E5%B3%B6%E5%B8%82)
27,豊臣秀吉,西区 (広島市),https://ja.wikipedia.org/wiki/%E8%A5%BF%E5%8C%BA_(%E5%BA%83%E5%B3%B6%E5%B8%82)
28,豊臣秀吉,筑前国,https://ja.wikipedia.org/wiki/%E7%AD%91%E5%89%8D%E5%9B%BD
29,豊臣秀吉,従五位,https://ja.wikipedia.org/wiki/%E5%BE%93%E4%BA%94%E4%BD%8D
30,豊臣秀吉,近衛府,https://ja.wikipedia.org/wiki/%E8%BF%91%E8%A1%9B%E5%BA%9C
31,豊臣秀吉,従四位,https://ja.wikipedia.org/wiki/%E5%BE%93%E5%9B%9B%E4%BD%8D
32,豊臣秀吉,参議,https://ja.wikipedia.org/wiki/%E5%8F%82%E8%AD%B0
33,豊臣秀吉,従三位,https://ja.wikipedia.org/wiki/%E5%BE%93%E4%B8%89%E4%BD%8D
34,豊臣秀吉,大納言,https://ja.wikipedia.org/wiki/%E5%A4%A7%E7%B4%8D%E8%A8%80
35,豊臣秀吉,正二位,https://ja.wikipedia.org/wiki/%E6%AD%A3%E4%BA%8C%E4%BD%8D
36,豊臣秀吉,内大臣,https://ja.wikipedia.org/wiki/%E5%86%85%E5%A4%A7%E8%87%A3
37,豊臣秀吉,従一位,https://ja.wikipedia.org/wiki/%E5%BE%93%E4%B8%80%E4%BD%8D
38,豊臣秀吉,関白,https://ja.wikipedia.org/wiki/%E9%96%A2%E7%99%BD
39,豊臣秀吉,太政大臣,https://ja.wikipedia.org/wiki/%E5%A4%AA%E6%94%BF%E5%A4%A7%E8%87%A3
40,豊臣秀吉,正一位,https://ja.wikipedia.org/wiki/%E6%AD%A3%E4%B8%80%E4%BD%8D
41,豊臣秀吉,松下之綱,https://ja.wikipedia.org/wiki/%E6%9D%BE%E4%B8%8B%E4%B9%8B%E7%B6%B1
42,豊臣秀吉,織田信長,https://ja.wikipedia.org/wiki/%E7%B9%94%E7%94%B0%E4%BF%A1%E9%95%B7
43,豊臣秀吉,織田秀信,https://ja.wikipedia.org/wiki/%E7%B9%94%E7%94%B0%E7%A7%80%E4%BF%A1
44,豊臣秀吉,木下氏,https://ja.wikipedia.org/wiki/%E6%9C%A8%E4%B8%8B%E6%B0%8F
45,豊臣秀吉,平氏,https://ja.wikipedia.org/wiki/%E5%B9%B3%E6%B0%8F
46,豊臣秀吉,宇多源氏,https://ja.wikipedia.org/wiki/%E5%AE%87%E5%A4%9A%E6%BA%90%E6%B0%8F
47,豊臣秀吉,佐々木氏,https://ja.wikipedia.org/wiki/%E4%BD%90%E3%80%85%E6%9C%A8%E6%B0%8F
48,豊臣秀吉,羽柴氏,https://ja.wikipedia.org/wiki/%E7%BE%BD%E6%9F%B4%E6%B0%8F
49,豊臣秀吉,藤原氏,https://ja.wikipedia.org/wiki/%E8%97%A4%E5%8E%9F%E6%B0%8F
50,豊臣秀吉,猶子,https://ja.wikipedia.org/wiki/%E7%8C%B6%E5%AD%90
51,豊臣秀吉,豊臣氏,https://ja.wikipedia.org/wiki/%E8%B1%8A%E8%87%A3%E6%B0%8F
52,豊臣秀吉,木下弥右衛門,https://ja.wikipedia.org/wiki/%E6%9C%A8%E4%B8%8B%E5%BC%A5%E5%8F%B3%E8%A1%9B%E9%96%80
53,豊臣秀吉,竹阿弥,https://ja.wikipedia.org/wiki/%E7%AB%B9%E9%98%BF%E5%BC%A5
54,豊臣秀吉,大政所,https://ja.wikipedia.org/wiki/%E5%A4%A7%E6%94%BF%E6%89%80
55,豊臣秀吉,近衛前久,https://ja.wikipedia.org/wiki/%E8%BF%91%E8%A1%9B%E5%89%8D%E4%B9%85
56,豊臣秀吉,日秀尼,https://ja.wikipedia.org/wiki/%E6%97%A5%E7%A7%80%E5%B0%BC
57,豊臣秀吉,三好吉房,https://ja.wikipedia.org/wiki/%E4%B8%89%E5%A5%BD%E5%90%89%E6%88%BF
58,豊臣秀吉,豊臣秀長,https://ja.wikipedia.org/wiki/%E8%B1%8A%E8%87%A3%E7%A7%80%E9%95%B7
59,豊臣秀吉,朝日姫,https://ja.wikipedia.org/wiki/%E6%9C%9D%E6%97%A5%E5%A7%AB
60,豊臣秀吉,佐治日向守,https://ja.wikipedia.org/wiki/%E4%BD%90%E6%B2%BB%E6%97%A5%E5%90%91%E5%AE%88
61,豊臣秀吉,副田吉成,https://ja.wikipedia.org/wiki/%E5%89%AF%E7%94%B0%E5%90%89%E6%88%90
62,豊臣秀吉,徳川家康,https://ja.wikipedia.org/wiki/%E5%BE%B3%E5%B7%9D%E5%AE%B6%E5%BA%B7
63,豊臣秀吉,正室,https://ja.wikipedia.org/wiki/%E6%AD%A3%E5%AE%A4
64,豊臣秀吉,浅野長勝,https://ja.wikipedia.org/wiki/%E6%B5%85%E9%87%8E%E9%95%B7%E5%8B%9D
65,豊臣秀吉,高台院,https://ja.wikipedia.org/wiki/%E9%AB%98%E5%8F%B0%E9%99%A2
66,豊臣秀吉,側室,https://ja.wikipedia.org/wiki/%E5%81%B4%E5%AE%A4
67,豊臣秀吉,浅井長政,https://ja.wikipedia.org/wiki/%E6%B5%85%E4%BA%95%E9%95%B7%E6%94%BF
68,豊臣秀吉,淀殿,https://ja.wikipedia.org/wiki/%E6%B7%80%E6%AE%BF
69,豊臣秀吉,羽柴秀勝 (石松丸),https://ja.wikipedia.org/wiki/%E7%BE%BD%E6%9F%B4%E7%A7%80%E5%8B%9D_(%E7%9F%B3%E6%9D%BE%E4%B8%B8)
70,豊臣秀吉,豊臣鶴松,https://ja.wikipedia.org/wiki/%E8%B1%8A%E8%87%A3%E9%B6%B4%E6%9D%BE
71,豊臣秀吉,豊臣秀頼,https://ja.wikipedia.org/wiki/%E8%B1%8A%E8%87%A3%E7%A7%80%E9%A0%BC
72,豊臣秀吉,豊臣秀次,https://ja.wikipedia.org/wiki/%E8%B1%8A%E8%87%A3%E7%A7%80%E6%AC%A1
73,豊臣秀吉,結城秀康,https://ja.wikipedia.org/wiki/%E7%B5%90%E5%9F%8E%E7%A7%80%E5%BA%B7
74,豊臣秀吉,小早川秀秋,https://ja.wikipedia.org/wiki/%E5%B0%8F%E6%97%A9%E5%B7%9D%E7%A7%80%E7%A7%8B
75,豊臣秀吉,豊臣秀勝,https://ja.wikipedia.org/wiki/%E8%B1%8A%E8%87%A3%E7%A7%80%E5%8B%9D
76,豊臣秀吉,豪姫,https://ja.wikipedia.org/wiki/%E8%B1%AA%E5%A7%AB
77,豊臣秀吉,前田菊姫,https://ja.wikipedia.org/wiki/%E5%89%8D%E7%94%B0%E8%8F%8A%E5%A7%AB
78,豊臣秀吉,竹林院 (真田信繁正室),https://ja.wikipedia.org/wiki/%E7%AB%B9%E6%9E%97%E9%99%A2_(%E7%9C%9F%E7%94%B0%E4%BF%A1%E7%B9%81%E6%AD%A3%E5%AE%A4)
79,豊臣秀吉,崇源院,https://ja.wikipedia.org/wiki/%E5%B4%87%E6%BA%90%E9%99%A2
80,豊臣秀吉,小姫,https://ja.wikipedia.org/wiki/%E5%B0%8F%E5%A7%AB
81,豊臣秀吉,糸姫,https://ja.wikipedia.org/wiki/%E7%B3%B8%E5%A7%AB
82,豊臣秀吉,八条宮智仁親王,https://ja.wikipedia.org/wiki/%E5%85%AB%E6%9D%A1%E5%AE%AE%E6%99%BA%E4%BB%81%E8%A6%AA%E7%8E%8B
83,豊臣秀吉,近衛前子,https://ja.wikipedia.org/wiki/%E8%BF%91%E8%A1%9B%E5%89%8D%E5%AD%90
84,豊臣秀吉,字体,https://ja.wikipedia.org/wiki/%E5%AD%97%E4%BD%93#旧字体
85,豊臣秀吉,武将,https://ja.wikipedia.org/wiki/%E6%AD%A6%E5%B0%86
86,豊臣秀吉,大名,https://ja.wikipedia.org/wiki/%E5%A4%A7%E5%90%8D
87,豊臣秀吉,天下人,https://ja.wikipedia.org/wiki/%E5%A4%A9%E4%B8%8B%E4%BA%BA
88,豊臣秀吉,太閤,https://ja.wikipedia.org/wiki/%E5%A4%AA%E9%96%A4
89,豊臣秀吉,三英傑,https://ja.wikipedia.org/wiki/%E4%B8%89%E8%8B%B1%E5%82%91
90,豊臣秀吉,皇胤,https://ja.wikipedia.org/wiki/%E7%9A%87%E8%83%A4
91,豊臣秀吉,源氏,https://ja.wikipedia.org/wiki/%E6%BA%90%E6%B0%8F
92,豊臣秀吉,近衛家,https://ja.wikipedia.org/wiki/%E8%BF%91%E8%A1%9B%E5%AE%B6
93,豊臣秀吉,正親町天皇,https://ja.wikipedia.org/wiki/%E6%AD%A3%E8%A6%AA%E7%94%BA%E5%A4%A9%E7%9A%87
94,豊臣秀吉,本姓,https://ja.wikipedia.org/wiki/%E6%9C%AC%E5%A7%93
95,豊臣秀吉,尾張国,https://ja.wikipedia.org/wiki/%E5%B0%BE%E5%BC%B5%E5%9B%BD
96,豊臣秀吉,愛知郡 (愛知県),https://ja.wikipedia.org/wiki/%E6%84%9B%E7%9F%A5%E9%83%A1_(%E6%84%9B%E7%9F%A5%E7%9C%8C)
97,豊臣秀吉,今川氏,https://ja.wikipedia.org/wiki/%E4%BB%8A%E5%B7%9D%E6%B0%8F
98,豊臣秀吉,本能寺の変,https://ja.wikipedia.org/wiki/%E6%9C%AC%E8%83%BD%E5%AF%BA%E3%81%AE%E5%A4%89
99,豊臣秀吉,明智光秀,https://ja.wikipedia.org/wiki/%E6%98%8E%E6%99%BA%E5%85%89%E7%A7%80
100,豊臣秀吉,中国大返し,https://ja.wikipedia.org/wiki/%E4%B8%AD%E5%9B%BD%E5%A4%A7%E8%BF%94%E3%81%97
101,豊臣秀吉,京都,https://ja.wikipedia.org/wiki/%E4%BA%AC%E9%83%BD
102,豊臣秀吉,山崎の戦い,https://ja.wikipedia.org/wiki/%E5%B1%B1%E5%B4%8E%E3%81%AE%E6%88%A6%E3%81%84
103,豊臣秀吉,清洲会議,https://ja.wikipedia.org/wiki/%E6%B8%85%E6%B4%B2%E4%BC%9A%E8%AD%B0
104,豊臣秀吉,大坂城,https://ja.wikipedia.org/wiki/%E5%A4%A7%E5%9D%82%E5%9F%8E
105,豊臣秀吉,戦国大名,https://ja.wikipedia.org/wiki/%E6%88%A6%E5%9B%BD%E5%A4%A7%E5%90%8D
106,豊臣秀吉,太閤検地,https://ja.wikipedia.org/wiki/%E5%A4%AA%E9%96%A4%E6%A4%9C%E5%9C%B0
107,豊臣秀吉,刀狩,https://ja.wikipedia.org/wiki/%E5%88%80%E7%8B%A9
108,豊臣秀吉,惣無事令,https://ja.wikipedia.org/wiki/%E6%83%A3%E7%84%A1%E4%BA%8B%E4%BB%A4
109,豊臣秀吉,石高制,https://ja.wikipedia.org/wiki/%E7%9F%B3%E9%AB%98%E5%88%B6
110,豊臣秀吉,明,https://ja.wikipedia.org/wiki/%E6%98%8E
111,豊臣秀吉,文禄・慶長の役,https://ja.wikipedia.org/wiki/%E6%96%87%E7%A6%84%E3%83%BB%E6%85%B6%E9%95%B7%E3%81%AE%E5%BD%B9
112,豊臣秀吉,嗣子,https://ja.wikipedia.org/wiki/%E5%97%A3%E5%AD%90
113,豊臣秀吉,五大老,https://ja.wikipedia.org/wiki/%E4%BA%94%E5%A4%A7%E8%80%81
114,豊臣秀吉,墨俣城,https://ja.wikipedia.org/wiki/%E5%A2%A8%E4%BF%A3%E5%9F%8E
115,豊臣秀吉,金ヶ崎の戦い,https://ja.wikipedia.org/wiki/%E9%87%91%E3%83%B6%E5%B4%8E%E3%81%AE%E6%88%A6%E3%81%84
116,豊臣秀吉,備中高松城の戦い,https://ja.wikipedia.org/wiki/%E5%82%99%E4%B8%AD%E9%AB%98%E6%9D%BE%E5%9F%8E%E3%81%AE%E6%88%A6%E3%81%84
117,豊臣秀吉,石垣山城,https://ja.wikipedia.org/wiki/%E7%9F%B3%E5%9E%A3%E5%B1%B1%E5%9F%8E
118,豊臣秀吉,中村公園,https://ja.wikipedia.org/wiki/%E4%B8%AD%E6%9D%91%E5%85%AC%E5%9C%92
119,豊臣秀吉,御伽衆,https://ja.wikipedia.org/wiki/%E5%BE%A1%E4%BC%BD%E8%A1%86
120,豊臣秀吉,大村由己,https://ja.wikipedia.org/wiki/%E5%A4%A7%E6%9D%91%E7%94%B1%E5%B7%B1
121,豊臣秀吉,松永貞徳,https://ja.wikipedia.org/wiki/%E6%9D%BE%E6%B0%B8%E8%B2%9E%E5%BE%B3
122,豊臣秀吉,太閤素生記,https://ja.wikipedia.org/wiki/%E5%A4%AA%E9%96%A4%E7%B4%A0%E7%94%9F%E8%A8%98
123,豊臣秀吉,名古屋市,https://ja.wikipedia.org/wiki/%E5%90%8D%E5%8F%A4%E5%B1%8B%E5%B8%82
124,豊臣秀吉,中村区,https://ja.wikipedia.org/wiki/%E4%B8%AD%E6%9D%91%E5%8C%BA
125,豊臣秀吉,足軽,https://ja.wikipedia.org/wiki/%E8%B6%B3%E8%BB%BD
126,豊臣秀吉,農民,https://ja.wikipedia.org/wiki/%E8%BE%B2%E6%B0%91
127,豊臣秀吉,同朋衆,https://ja.wikipedia.org/wiki/%E5%90%8C%E6%9C%8B%E8%A1%86
128,豊臣秀吉,竹中重門,https://ja.wikipedia.org/wiki/%E7%AB%B9%E4%B8%AD%E9%87%8D%E9%96%80
129,豊臣秀吉,天野信景,https://ja.wikipedia.org/wiki/%E5%A4%A9%E9%87%8E%E4%BF%A1%E6%99%AF
130,豊臣秀吉,1536年,https://ja.wikipedia.org/wiki/1536%E5%B9%B4
131,豊臣秀吉,1月1日 (旧暦),https://ja.wikipedia.org/wiki/1%E6%9C%881%E6%97%A5_(%E6%97%A7%E6%9A%A6)
132,豊臣秀吉,幼名,https://ja.wikipedia.org/wiki/%E5%B9%BC%E5%90%8D
133,豊臣秀吉,絵本太閤記,https://ja.wikipedia.org/wiki/%E7%B5%B5%E6%9C%AC%E5%A4%AA%E9%96%A4%E8%A8%98
134,豊臣秀吉,天正記,https://ja.wikipedia.org/wiki/%E5%A4%A9%E6%AD%A3%E8%A8%98
135,豊臣秀吉,天正,https://ja.wikipedia.org/wiki/%E5%A4%A9%E6%AD%A3
136,豊臣秀吉,1590年,https://ja.wikipedia.org/wiki/1590%E5%B9%B4
137,豊臣秀吉,飛騨国,https://ja.wikipedia.org/wiki/%E9%A3%9B%E9%A8%A8%E5%9B%BD
138,豊臣秀吉,1550年,https://ja.wikipedia.org/wiki/1550%E5%B9%B4
139,豊臣秀吉,遠江国,https://ja.wikipedia.org/wiki/%E9%81%A0%E6%B1%9F%E5%9B%BD
140,豊臣秀吉,改正三河後風土記,https://ja.wikipedia.org/wiki/%E6%94%B9%E6%AD%A3%E4%B8%89%E6%B2%B3%E5%BE%8C%E9%A2%A8%E5%9C%9F%E8%A8%98
141,豊臣秀吉,武功夜話,https://ja.wikipedia.org/wiki/%E6%AD%A6%E5%8A%9F%E5%A4%9C%E8%A9%B1
142,豊臣秀吉,水野氏,https://ja.wikipedia.org/wiki/%E6%B0%B4%E9%87%8E%E6%B0%8F
143,豊臣秀吉,サンカ,https://ja.wikipedia.org/wiki/%E3%82%B5%E3%83%B3%E3%82%AB
144,豊臣秀吉,飯尾氏,https://ja.wikipedia.org/wiki/%E9%A3%AF%E5%B0%BE%E6%B0%8F
145,豊臣秀吉,長上郡,https://ja.wikipedia.org/wiki/%E9%95%B7%E4%B8%8A%E9%83%A1
146,豊臣秀吉,浜松市,https://ja.wikipedia.org/wiki/%E6%B5%9C%E6%9D%BE%E5%B8%82
147,豊臣秀吉,南区 (浜松市),https://ja.wikipedia.org/wiki/%E5%8D%97%E5%8C%BA_(%E6%B5%9C%E6%9D%BE%E5%B8%82)
148,豊臣秀吉,浜松城,https://ja.wikipedia.org/wiki/%E6%B5%9C%E6%9D%BE%E5%9F%8E
149,豊臣秀吉,頭陀寺城,https://ja.wikipedia.org/wiki/%E9%A0%AD%E9%99%80%E5%AF%BA%E5%9F%8E
150,豊臣秀吉,1583年,https://ja.wikipedia.org/wiki/1583%E5%B9%B4
151,豊臣秀吉,丹波国,https://ja.wikipedia.org/wiki/%E4%B8%B9%E6%B3%A2%E5%9B%BD
152,豊臣秀吉,河内国,https://ja.wikipedia.org/wiki/%E6%B2%B3%E5%86%85%E5%9B%BD
153,豊臣秀吉,伊勢国,https://ja.wikipedia.org/wiki/%E4%BC%8A%E5%8B%A2%E5%9B%BD
154,豊臣秀吉,石,https://ja.wikipedia.org/wiki/%E7%9F%B3
155,豊臣秀吉,1588年,https://ja.wikipedia.org/wiki/1588%E5%B9%B4
156,豊臣秀吉,久野城,https://ja.wikipedia.org/wiki/%E4%B9%85%E9%87%8E%E5%9F%8E
157,豊臣秀吉,月岡芳年,https://ja.wikipedia.org/wiki/%E6%9C%88%E5%B2%A1%E8%8A%B3%E5%B9%B4
158,豊臣秀吉,1554年,https://ja.wikipedia.org/wiki/1554%E5%B9%B4
159,豊臣秀吉,小者,https://ja.wikipedia.org/wiki/%E5%B0%8F%E8%80%85
160,豊臣秀吉,清洲城,https://ja.wikipedia.org/wiki/%E6%B8%85%E6%B4%B2%E5%9F%8E
161,豊臣秀吉,普請奉行,https://ja.wikipedia.org/wiki/%E6%99%AE%E8%AB%8B%E5%A5%89%E8%A1%8C
162,豊臣秀吉,永禄,https://ja.wikipedia.org/wiki/%E6%B0%B8%E7%A6%84
163,豊臣秀吉,1561年,https://ja.wikipedia.org/wiki/1561%E5%B9%B4
164,豊臣秀吉,杉原定利,https://ja.wikipedia.org/wiki/%E6%9D%89%E5%8E%9F%E5%AE%9A%E5%88%A9
165,豊臣秀吉,桑田忠親,https://ja.wikipedia.org/wiki/%E6%A1%91%E7%94%B0%E5%BF%A0%E8%A6%AA
166,豊臣秀吉,1564年,https://ja.wikipedia.org/wiki/1564%E5%B9%B4
167,豊臣秀吉,美濃国,https://ja.wikipedia.org/wiki/%E7%BE%8E%E6%BF%83%E5%9B%BD
168,豊臣秀吉,斎藤龍興,https://ja.wikipedia.org/wiki/%E6%96%8E%E8%97%A4%E9%BE%8D%E8%88%88
169,豊臣秀吉,松倉城 (尾張国),https://ja.wikipedia.org/wiki/%E6%9D%BE%E5%80%89%E5%9F%8E_(%E5%B0%BE%E5%BC%B5%E5%9B%BD)
170,豊臣秀吉,坪内利定,https://ja.wikipedia.org/wiki/%E5%9D%AA%E5%86%85%E5%88%A9%E5%AE%9A
171,豊臣秀吉,鵜沼城,https://ja.wikipedia.org/wiki/%E9%B5%9C%E6%B2%BC%E5%9F%8E
172,豊臣秀吉,大沢次郎左衛門,https://ja.wikipedia.org/wiki/%E5%A4%A7%E6%B2%A2%E6%AC%A1%E9%83%8E%E5%B7%A6%E8%A1%9B%E9%96%80
173,豊臣秀吉,1565年,https://ja.wikipedia.org/wiki/1565%E5%B9%B4
174,豊臣秀吉,1566年,https://ja.wikipedia.org/wiki/1566%E5%B9%B4
175,豊臣秀吉,墨俣一夜城,https://ja.wikipedia.org/wiki/%E5%A2%A8%E4%BF%A3%E4%B8%80%E5%A4%9C%E5%9F%8E
176,豊臣秀吉,蜂須賀正勝,https://ja.wikipedia.org/wiki/%E8%9C%82%E9%A0%88%E8%B3%80%E6%AD%A3%E5%8B%9D
177,豊臣秀吉,前野長康,https://ja.wikipedia.org/wiki/%E5%89%8D%E9%87%8E%E9%95%B7%E5%BA%B7
178,豊臣秀吉,1567年,https://ja.wikipedia.org/wiki/1567%E5%B9%B4
179,豊臣秀吉,竹中重治,https://ja.wikipedia.org/wiki/%E7%AB%B9%E4%B8%AD%E9%87%8D%E6%B2%BB
180,豊臣秀吉,牧村利貞,https://ja.wikipedia.org/wiki/%E7%89%A7%E6%9D%91%E5%88%A9%E8%B2%9E
181,豊臣秀吉,丸毛兼利,https://ja.wikipedia.org/wiki/%E4%B8%B8%E6%AF%9B%E5%85%BC%E5%88%A9
182,豊臣秀吉,1568年,https://ja.wikipedia.org/wiki/1568%E5%B9%B4
183,豊臣秀吉,観音寺城の戦い,https://ja.wikipedia.org/wiki/%E8%A6%B3%E9%9F%B3%E5%AF%BA%E5%9F%8E%E3%81%AE%E6%88%A6%E3%81%84
184,豊臣秀吉,信長記,https://ja.wikipedia.org/wiki/%E4%BF%A1%E9%95%B7%E8%A8%98
185,豊臣秀吉,丹羽長秀,https://ja.wikipedia.org/wiki/%E4%B8%B9%E7%BE%BD%E9%95%B7%E7%A7%80
186,豊臣秀吉,1569年,https://ja.wikipedia.org/wiki/1569%E5%B9%B4
187,豊臣秀吉,毛利元就,https://ja.wikipedia.org/wiki/%E6%AF%9B%E5%88%A9%E5%85%83%E5%B0%B1
188,豊臣秀吉,大友氏,https://ja.wikipedia.org/wiki/%E5%A4%A7%E5%8F%8B%E6%B0%8F
189,豊臣秀吉,多々良浜の戦い (戦国時代),https://ja.wikipedia.org/wiki/%E5%A4%9A%E3%80%85%E8%89%AF%E6%B5%9C%E3%81%AE%E6%88%A6%E3%81%84_(%E6%88%A6%E5%9B%BD%E6%99%82%E4%BB%A3)
190,豊臣秀吉,出雲国,https://ja.wikipedia.org/wiki/%E5%87%BA%E9%9B%B2%E5%9B%BD
191,豊臣秀吉,尼子氏,https://ja.wikipedia.org/wiki/%E5%B0%BC%E5%AD%90%E6%B0%8F
192,豊臣秀吉,山名祐豊,https://ja.wikipedia.org/wiki/%E5%B1%B1%E5%90%8D%E7%A5%90%E8%B1%8A
193,豊臣秀吉,但馬国,https://ja.wikipedia.org/wiki/%E4%BD%86%E9%A6%AC%E5%9B%BD
194,豊臣秀吉,此隅山城,https://ja.wikipedia.org/wiki/%E6%AD%A4%E9%9A%85%E5%B1%B1%E5%9F%8E
195,豊臣秀吉,元亀,https://ja.wikipedia.org/wiki/%E5%85%83%E4%BA%80
196,豊臣秀吉,1570年,https://ja.wikipedia.org/wiki/1570%E5%B9%B4
197,豊臣秀吉,越前国,https://ja.wikipedia.org/wiki/%E8%B6%8A%E5%89%8D%E5%9B%BD
198,豊臣秀吉,朝倉義景,https://ja.wikipedia.org/wiki/%E6%9C%9D%E5%80%89%E7%BE%A9%E6%99%AF
199,豊臣秀吉,池田勝正,https://ja.wikipedia.org/wiki/%E6%B1%A0%E7%94%B0%E5%8B%9D%E6%AD%A3
200,豊臣秀吉,殿 (軍事用語),https://ja.wikipedia.org/wiki/%E6%AE%BF_(%E8%BB%8D%E4%BA%8B%E7%94%A8%E8%AA%9E)
201,豊臣秀吉,姉川の戦い,https://ja.wikipedia.org/wiki/%E5%A7%89%E5%B7%9D%E3%81%AE%E6%88%A6%E3%81%84
202,豊臣秀吉,横山城 (近江国),https://ja.wikipedia.org/wiki/%E6%A8%AA%E5%B1%B1%E5%9F%8E_(%E8%BF%91%E6%B1%9F%E5%9B%BD)
203,豊臣秀吉,志賀の陣,https://ja.wikipedia.org/wiki/%E5%BF%97%E8%B3%80%E3%81%AE%E9%99%A3
204,豊臣秀吉,小谷城の戦い,https://ja.wikipedia.org/wiki/%E5%B0%8F%E8%B0%B7%E5%9F%8E%E3%81%AE%E6%88%A6%E3%81%84
205,豊臣秀吉,1572年,https://ja.wikipedia.org/wiki/1572%E5%B9%B4
206,豊臣秀吉,柴田勝家,https://ja.wikipedia.org/wiki/%E6%9F%B4%E7%94%B0%E5%8B%9D%E5%AE%B6
207,豊臣秀吉,1573年,https://ja.wikipedia.org/wiki/1573%E5%B9%B4
208,豊臣秀吉,近江国,https://ja.wikipedia.org/wiki/%E8%BF%91%E6%B1%9F%E5%9B%BD
209,豊臣秀吉,長浜城 (近江国),https://ja.wikipedia.org/wiki/%E9%95%B7%E6%B5%9C%E5%9F%8E_(%E8%BF%91%E6%B1%9F%E5%9B%BD)
210,豊臣秀吉,石田三成,https://ja.wikipedia.org/wiki/%E7%9F%B3%E7%94%B0%E4%B8%89%E6%88%90
211,豊臣秀吉,1574年,https://ja.wikipedia.org/wiki/1574%E5%B9%B4
212,豊臣秀吉,1575年,https://ja.wikipedia.org/wiki/1575%E5%B9%B4
213,豊臣秀吉,長篠の戦い,https://ja.wikipedia.org/wiki/%E9%95%B7%E7%AF%A0%E3%81%AE%E6%88%A6%E3%81%84
214,豊臣秀吉,1576年,https://ja.wikipedia.org/wiki/1576%E5%B9%B4
215,豊臣秀吉,織田信孝,https://ja.wikipedia.org/wiki/%E7%B9%94%E7%94%B0%E4%BF%A1%E5%AD%9D
216,豊臣秀吉,三瀬の変,https://ja.wikipedia.org/wiki/%E4%B8%89%E7%80%AC%E3%81%AE%E5%A4%89
217,豊臣秀吉,北畠具教,https://ja.wikipedia.org/wiki/%E5%8C%97%E7%95%A0%E5%85%B7%E6%95%99
218,豊臣秀吉,霧山城,https://ja.wikipedia.org/wiki/%E9%9C%A7%E5%B1%B1%E5%9F%8E
219,豊臣秀吉,1577年,https://ja.wikipedia.org/wiki/1577%E5%B9%B4
220,豊臣秀吉,越後国,https://ja.wikipedia.org/wiki/%E8%B6%8A%E5%BE%8C%E5%9B%BD
221,豊臣秀吉,上杉謙信,https://ja.wikipedia.org/wiki/%E4%B8%8A%E6%9D%89%E8%AC%99%E4%BF%A1
222,豊臣秀吉,手取川の戦い,https://ja.wikipedia.org/wiki/%E6%89%8B%E5%8F%96%E5%B7%9D%E3%81%AE%E6%88%A6%E3%81%84
223,豊臣秀吉,織田信忠,https://ja.wikipedia.org/wiki/%E7%B9%94%E7%94%B0%E4%BF%A1%E5%BF%A0
224,豊臣秀吉,佐久間信盛,https://ja.wikipedia.org/wiki/%E4%BD%90%E4%B9%85%E9%96%93%E4%BF%A1%E7%9B%9B
225,豊臣秀吉,松永久秀,https://ja.wikipedia.org/wiki/%E6%9D%BE%E6%B0%B8%E4%B9%85%E7%A7%80
226,豊臣秀吉,信貴山城の戦い,https://ja.wikipedia.org/wiki/%E4%BF%A1%E8%B2%B4%E5%B1%B1%E5%9F%8E%E3%81%AE%E6%88%A6%E3%81%84
227,豊臣秀吉,中国攻め,https://ja.wikipedia.org/wiki/%E4%B8%AD%E5%9B%BD%E6%94%BB%E3%82%81
228,豊臣秀吉,西国,https://ja.wikipedia.org/wiki/%E8%A5%BF%E5%9B%BD
229,豊臣秀吉,毛利輝元,https://ja.wikipedia.org/wiki/%E6%AF%9B%E5%88%A9%E8%BC%9D%E5%85%83
230,豊臣秀吉,毛利氏,https://ja.wikipedia.org/wiki/%E6%AF%9B%E5%88%A9%E6%B0%8F
231,豊臣秀吉,山陽道,https://ja.wikipedia.org/wiki/%E5%B1%B1%E9%99%BD%E9%81%93
232,豊臣秀吉,山陰道,https://ja.wikipedia.org/wiki/%E5%B1%B1%E9%99%B0%E9%81%93
233,豊臣秀吉,中国路,https://ja.wikipedia.org/wiki/%E4%B8%AD%E5%9B%BD%E8%B7%AF
234,豊臣秀吉,播磨国,https://ja.wikipedia.org/wiki/%E6%92%AD%E7%A3%A8%E5%9B%BD
235,豊臣秀吉,赤松氏,https://ja.wikipedia.org/wiki/%E8%B5%A4%E6%9D%BE%E6%B0%8F
236,豊臣秀吉,赤松則房,https://ja.wikipedia.org/wiki/%E8%B5%A4%E6%9D%BE%E5%89%87%E6%88%BF
237,豊臣秀吉,別所長治,https://ja.wikipedia.org/wiki/%E5%88%A5%E6%89%80%E9%95%B7%E6%B2%BB
238,豊臣秀吉,小寺政職,https://ja.wikipedia.org/wiki/%E5%B0%8F%E5%AF%BA%E6%94%BF%E8%81%B7
239,豊臣秀吉,太田垣氏,https://ja.wikipedia.org/wiki/%E5%A4%AA%E7%94%B0%E5%9E%A3%E6%B0%8F
240,豊臣秀吉,竹田城,https://ja.wikipedia.org/wiki/%E7%AB%B9%E7%94%B0%E5%9F%8E
241,豊臣秀吉,黒田孝高,https://ja.wikipedia.org/wiki/%E9%BB%92%E7%94%B0%E5%AD%9D%E9%AB%98
242,豊臣秀吉,姫路城,https://ja.wikipedia.org/wiki/%E5%A7%AB%E8%B7%AF%E5%9F%8E
243,豊臣秀吉,上月城の戦い,https://ja.wikipedia.org/wiki/%E4%B8%8A%E6%9C%88%E5%9F%8E%E3%81%AE%E6%88%A6%E3%81%84
244,豊臣秀吉,1579年,https://ja.wikipedia.org/wiki/1579%E5%B9%B4
245,豊臣秀吉,備前国,https://ja.wikipedia.org/wiki/%E5%82%99%E5%89%8D%E5%9B%BD
246,豊臣秀吉,美作国,https://ja.wikipedia.org/wiki/%E7%BE%8E%E4%BD%9C%E5%9B%BD
247,豊臣秀吉,宇喜多直家,https://ja.wikipedia.org/wiki/%E5%AE%87%E5%96%9C%E5%A4%9A%E7%9B%B4%E5%AE%B6
248,豊臣秀吉,摂津国,https://ja.wikipedia.org/wiki/%E6%91%82%E6%B4%A5%E5%9B%BD
249,豊臣秀吉,荒木村重,https://ja.wikipedia.org/wiki/%E8%8D%92%E6%9C%A8%E6%9D%91%E9%87%8D
250,豊臣秀吉,有岡城の戦い,https://ja.wikipedia.org/wiki/%E6%9C%89%E5%B2%A1%E5%9F%8E%E3%81%AE%E6%88%A6%E3%81%84
251,豊臣秀吉,羽柴秀勝,https://ja.wikipedia.org/wiki/%E7%BE%BD%E6%9F%B4%E7%A7%80%E5%8B%9D
252,豊臣秀吉,1580年,https://ja.wikipedia.org/wiki/1580%E5%B9%B4
253,豊臣秀吉,三木城,https://ja.wikipedia.org/wiki/%E4%B8%89%E6%9C%A8%E5%9F%8E
254,豊臣秀吉,三木合戦,https://ja.wikipedia.org/wiki/%E4%B8%89%E6%9C%A8%E5%90%88%E6%88%A6
255,豊臣秀吉,山名氏,https://ja.wikipedia.org/wiki/%E5%B1%B1%E5%90%8D%E6%B0%8F
256,豊臣秀吉,山名堯熙,https://ja.wikipedia.org/wiki/%E5%B1%B1%E5%90%8D%E5%A0%AF%E7%86%99
257,豊臣秀吉,有子山城,https://ja.wikipedia.org/wiki/%E6%9C%89%E5%AD%90%E5%B1%B1%E5%9F%8E
258,豊臣秀吉,出石城,https://ja.wikipedia.org/wiki/%E5%87%BA%E7%9F%B3%E5%9F%8E
259,豊臣秀吉,錦絵,https://ja.wikipedia.org/wiki/%E9%8C%A6%E7%B5%B5
260,豊臣秀吉,1581年,https://ja.wikipedia.org/wiki/1581%E5%B9%B4
261,豊臣秀吉,山名豊国,https://ja.wikipedia.org/wiki/%E5%B1%B1%E5%90%8D%E8%B1%8A%E5%9B%BD
262,豊臣秀吉,吉川経家,https://ja.wikipedia.org/wiki/%E5%90%89%E5%B7%9D%E7%B5%8C%E5%AE%B6
263,豊臣秀吉,鳥取城,https://ja.wikipedia.org/wiki/%E9%B3%A5%E5%8F%96%E5%9F%8E
264,豊臣秀吉,鳥取城,https://ja.wikipedia.org/wiki/%E9%B3%A5%E5%8F%96%E5%9F%8E#秀吉の鳥取城攻略戦
265,豊臣秀吉,岩屋城 (淡路国),https://ja.wikipedia.org/wiki/%E5%B2%A9%E5%B1%8B%E5%9F%8E_(%E6%B7%A1%E8%B7%AF%E5%9B%BD)
266,豊臣秀吉,淡路国,https://ja.wikipedia.org/wiki/%E6%B7%A1%E8%B7%AF%E5%9B%BD
267,豊臣秀吉,1582年,https://ja.wikipedia.org/wiki/1582%E5%B9%B4
268,豊臣秀吉,備中国,https://ja.wikipedia.org/wiki/%E5%82%99%E4%B8%AD%E5%9B%BD
269,豊臣秀吉,清水宗治,https://ja.wikipedia.org/wiki/%E6%B8%85%E6%B0%B4%E5%AE%97%E6%B2%BB
270,豊臣秀吉,高松城 (備中国),https://ja.wikipedia.org/wiki/%E9%AB%98%E6%9D%BE%E5%9F%8E_(%E5%82%99%E4%B8%AD%E5%9B%BD)
271,豊臣秀吉,吉川元春,https://ja.wikipedia.org/wiki/%E5%90%89%E5%B7%9D%E5%85%83%E6%98%A5
272,豊臣秀吉,小早川隆景,https://ja.wikipedia.org/wiki/%E5%B0%8F%E6%97%A9%E5%B7%9D%E9%9A%86%E6%99%AF
273,豊臣秀吉,攻城戦,https://ja.wikipedia.org/wiki/%E6%94%BB%E5%9F%8E%E6%88%A6
274,豊臣秀吉,本能寺,https://ja.wikipedia.org/wiki/%E6%9C%AC%E8%83%BD%E5%AF%BA
275,豊臣秀吉,池田恒興,https://ja.wikipedia.org/wiki/%E6%B1%A0%E7%94%B0%E6%81%92%E8%88%88
276,豊臣秀吉,中川清秀,https://ja.wikipedia.org/wiki/%E4%B8%AD%E5%B7%9D%E6%B8%85%E7%A7%80
277,豊臣秀吉,高山右近,https://ja.wikipedia.org/wiki/%E9%AB%98%E5%B1%B1%E5%8F%B3%E8%BF%91
278,豊臣秀吉,落ち武者狩り,https://ja.wikipedia.org/wiki/%E8%90%BD%E3%81%A1%E6%AD%A6%E8%80%85%E7%8B%A9%E3%82%8A
279,豊臣秀吉,織田信雄,https://ja.wikipedia.org/wiki/%E7%B9%94%E7%94%B0%E4%BF%A1%E9%9B%84
280,豊臣秀吉,織田信包,https://ja.wikipedia.org/wiki/%E7%B9%94%E7%94%B0%E4%BF%A1%E5%8C%85
281,豊臣秀吉,伊賀国,https://ja.wikipedia.org/wiki/%E4%BC%8A%E8%B3%80%E5%9B%BD
282,豊臣秀吉,細川幽斎,https://ja.wikipedia.org/wiki/%E7%B4%B0%E5%B7%9D%E5%B9%BD%E6%96%8E
283,豊臣秀吉,丹後国,https://ja.wikipedia.org/wiki/%E4%B8%B9%E5%BE%8C%E5%9B%BD
284,豊臣秀吉,筒井順慶,https://ja.wikipedia.org/wiki/%E7%AD%92%E4%BA%95%E9%A0%86%E6%85%B6
285,豊臣秀吉,大和国,https://ja.wikipedia.org/wiki/%E5%A4%A7%E5%92%8C%E5%9B%BD
286,豊臣秀吉,滋賀郡,https://ja.wikipedia.org/wiki/%E6%BB%8B%E8%B3%80%E9%83%A1
287,豊臣秀吉,高島郡 (滋賀県),https://ja.wikipedia.org/wiki/%E9%AB%98%E5%B3%B6%E9%83%A1_(%E6%BB%8B%E8%B3%80%E7%9C%8C)
288,豊臣秀吉,尼崎市,https://ja.wikipedia.org/wiki/%E5%B0%BC%E5%B4%8E%E5%B8%82
289,豊臣秀吉,大阪,https://ja.wikipedia.org/wiki/%E5%A4%A7%E9%98%AA
290,豊臣秀吉,堀秀政,https://ja.wikipedia.org/wiki/%E5%A0%80%E7%A7%80%E6%94%BF
291,豊臣秀吉,山城国,https://ja.wikipedia.org/wiki/%E5%B1%B1%E5%9F%8E%E5%9B%BD
292,豊臣秀吉,宝寺城,https://ja.wikipedia.org/wiki/%E5%AE%9D%E5%AF%BA%E5%9F%8E
293,豊臣秀吉,賤ヶ岳の戦い,https://ja.wikipedia.org/wiki/%E8%B3%A4%E3%83%B6%E5%B2%B3%E3%81%AE%E6%88%A6%E3%81%84
294,豊臣秀吉,滝川一益,https://ja.wikipedia.org/wiki/%E6%BB%9D%E5%B7%9D%E4%B8%80%E7%9B%8A
295,豊臣秀吉,佐和山城,https://ja.wikipedia.org/wiki/%E4%BD%90%E5%92%8C%E5%B1%B1%E5%9F%8E
296,豊臣秀吉,柴田勝豊,https://ja.wikipedia.org/wiki/%E6%9F%B4%E7%94%B0%E5%8B%9D%E8%B1%8A
297,豊臣秀吉,柴田勝政,https://ja.wikipedia.org/wiki/%E6%9F%B4%E7%94%B0%E5%8B%9D%E6%94%BF
298,豊臣秀吉,稲葉良通,https://ja.wikipedia.org/wiki/%E7%A8%B2%E8%91%89%E8%89%AF%E9%80%9A
299,豊臣秀吉,斎藤利堯,https://ja.wikipedia.org/wiki/%E6%96%8E%E8%97%A4%E5%88%A9%E5%A0%AF
300,豊臣秀吉,岡本宗憲,https://ja.wikipedia.org/wiki/%E5%B2%A1%E6%9C%AC%E5%AE%97%E6%86%B2
301,豊臣秀吉,関城,https://ja.wikipedia.org/wiki/%E9%96%A2%E5%9F%8E
302,豊臣秀吉,亀山城 (伊勢国),https://ja.wikipedia.org/wiki/%E4%BA%80%E5%B1%B1%E5%9F%8E_(%E4%BC%8A%E5%8B%A2%E5%9B%BD)
303,豊臣秀吉,関盛信,https://ja.wikipedia.org/wiki/%E9%96%A2%E7%9B%9B%E4%BF%A1
304,豊臣秀吉,桑名城,https://ja.wikipedia.org/wiki/%E6%A1%91%E5%90%8D%E5%9F%8E
305,豊臣秀吉,長島城,https://ja.wikipedia.org/wiki/%E9%95%B7%E5%B3%B6%E5%9F%8E
306,豊臣秀吉,蒲生氏郷,https://ja.wikipedia.org/wiki/%E8%92%B2%E7%94%9F%E6%B0%8F%E9%83%B7
307,豊臣秀吉,細川忠興,https://ja.wikipedia.org/wiki/%E7%B4%B0%E5%B7%9D%E5%BF%A0%E8%88%88
308,豊臣秀吉,山内一豊,https://ja.wikipedia.org/wiki/%E5%B1%B1%E5%86%85%E4%B8%80%E8%B1%8A
309,豊臣秀吉,前田利長,https://ja.wikipedia.org/wiki/%E5%89%8D%E7%94%B0%E5%88%A9%E9%95%B7
310,豊臣秀吉,山路正国,https://ja.wikipedia.org/wiki/%E5%B1%B1%E8%B7%AF%E6%AD%A3%E5%9B%BD
311,豊臣秀吉,佐久間盛政,https://ja.wikipedia.org/wiki/%E4%BD%90%E4%B9%85%E9%96%93%E7%9B%9B%E6%94%BF
312,豊臣秀吉,前田利家,https://ja.wikipedia.org/wiki/%E5%89%8D%E7%94%B0%E5%88%A9%E5%AE%B6
313,豊臣秀吉,美濃大返し,https://ja.wikipedia.org/wiki/%E7%BE%8E%E6%BF%83%E5%A4%A7%E8%BF%94%E3%81%97
314,豊臣秀吉,お市の方,https://ja.wikipedia.org/wiki/%E3%81%8A%E5%B8%82%E3%81%AE%E6%96%B9
315,豊臣秀吉,加賀国,https://ja.wikipedia.org/wiki/%E5%8A%A0%E8%B3%80%E5%9B%BD
316,豊臣秀吉,能登国,https://ja.wikipedia.org/wiki/%E8%83%BD%E7%99%BB%E5%9B%BD
317,豊臣秀吉,越中国,https://ja.wikipedia.org/wiki/%E8%B6%8A%E4%B8%AD%E5%9B%BD
318,豊臣秀吉,佐々成政,https://ja.wikipedia.org/wiki/%E4%BD%90%E3%80%85%E6%88%90%E6%94%BF
319,豊臣秀吉,小牧・長久手の戦い,https://ja.wikipedia.org/wiki/%E5%B0%8F%E7%89%A7%E3%83%BB%E9%95%B7%E4%B9%85%E6%89%8B%E3%81%AE%E6%88%A6%E3%81%84
320,豊臣秀吉,石山本願寺,https://ja.wikipedia.org/wiki/%E7%9F%B3%E5%B1%B1%E6%9C%AC%E9%A1%98%E5%AF%BA
321,豊臣秀吉,豊後国,https://ja.wikipedia.org/wiki/%E8%B1%8A%E5%BE%8C%E5%9B%BD
322,豊臣秀吉,大友義鎮,https://ja.wikipedia.org/wiki/%E5%A4%A7%E5%8F%8B%E7%BE%A9%E9%8E%AE
323,豊臣秀吉,1584年,https://ja.wikipedia.org/wiki/1584%E5%B9%B4
324,豊臣秀吉,浅井長時,https://ja.wikipedia.org/wiki/%E6%B5%85%E4%BA%95%E9%95%B7%E6%99%82
325,豊臣秀吉,岡田重孝,https://ja.wikipedia.org/wiki/%E5%B2%A1%E7%94%B0%E9%87%8D%E5%AD%9D
326,豊臣秀吉,津川義冬,https://ja.wikipedia.org/wiki/%E6%B4%A5%E5%B7%9D%E7%BE%A9%E5%86%AC
327,豊臣秀吉,宣戦布告,https://ja.wikipedia.org/wiki/%E5%AE%A3%E6%88%A6%E5%B8%83%E5%91%8A
328,豊臣秀吉,天正壬午の乱,https://ja.wikipedia.org/wiki/%E5%A4%A9%E6%AD%A3%E5%A3%AC%E5%8D%88%E3%81%AE%E4%B9%B1
329,豊臣秀吉,長宗我部元親,https://ja.wikipedia.org/wiki/%E9%95%B7%E5%AE%97%E6%88%91%E9%83%A8%E5%85%83%E8%A6%AA
330,豊臣秀吉,紀伊国,https://ja.wikipedia.org/wiki/%E7%B4%80%E4%BC%8A%E5%9B%BD
331,豊臣秀吉,雑賀党,https://ja.wikipedia.org/wiki/%E9%9B%91%E8%B3%80%E5%85%9A
332,豊臣秀吉,九鬼嘉隆,https://ja.wikipedia.org/wiki/%E4%B9%9D%E9%AC%BC%E5%98%89%E9%9A%86
333,豊臣秀吉,三河国,https://ja.wikipedia.org/wiki/%E4%B8%89%E6%B2%B3%E5%9B%BD
334,豊臣秀吉,犬山城,https://ja.wikipedia.org/wiki/%E7%8A%AC%E5%B1%B1%E5%9F%8E
335,豊臣秀吉,森長可,https://ja.wikipedia.org/wiki/%E6%A3%AE%E9%95%B7%E5%8F%AF
336,豊臣秀吉,小牧・長久手の戦い,https://ja.wikipedia.org/wiki/%E5%B0%8F%E7%89%A7%E3%83%BB%E9%95%B7%E4%B9%85%E6%89%8B%E3%81%AE%E6%88%A6%E3%81%84#羽黒の戦い
337,豊臣秀吉,池田元助,https://ja.wikipedia.org/wiki/%E6%B1%A0%E7%94%B0%E5%85%83%E5%8A%A9
338,豊臣秀吉,小牧・長久手の戦い,https://ja.wikipedia.org/wiki/%E5%B0%8F%E7%89%A7%E3%83%BB%E9%95%B7%E4%B9%85%E6%89%8B%E3%81%AE%E6%88%A6%E3%81%84#長久手の戦い
339,豊臣秀吉,加賀井重望,https://ja.wikipedia.org/wiki/%E5%8A%A0%E8%B3%80%E4%BA%95%E9%87%8D%E6%9C%9B
340,豊臣秀吉,加賀野井城,https://ja.wikipedia.org/wiki/%E5%8A%A0%E8%B3%80%E9%87%8E%E4%BA%95%E5%9F%8E
341,豊臣秀吉,左近衛権少将,https://ja.wikipedia.org/wiki/%E5%B7%A6%E8%BF%91%E8%A1%9B%E6%A8%A9%E5%B0%91%E5%B0%86
342,豊臣秀吉,筑前守,https://ja.wikipedia.org/wiki/%E7%AD%91%E5%89%8D%E5%AE%88
343,豊臣秀吉,公卿,https://ja.wikipedia.org/wiki/%E5%85%AC%E5%8D%BF
344,豊臣秀吉,征夷大将軍,https://ja.wikipedia.org/wiki/%E5%BE%81%E5%A4%B7%E5%A4%A7%E5%B0%86%E8%BB%8D
345,豊臣秀吉,千石堀城,https://ja.wikipedia.org/wiki/%E5%8D%83%E7%9F%B3%E5%A0%80%E5%9F%8E#千石堀城の戦い
346,豊臣秀吉,藤堂高虎,https://ja.wikipedia.org/wiki/%E8%97%A4%E5%A0%82%E9%AB%98%E8%99%8E
347,豊臣秀吉,鈴木重意,https://ja.wikipedia.org/wiki/%E9%88%B4%E6%9C%A8%E9%87%8D%E6%84%8F
348,豊臣秀吉,紀州征伐,https://ja.wikipedia.org/wiki/%E7%B4%80%E5%B7%9E%E5%BE%81%E4%BC%90
349,豊臣秀吉,土佐国,https://ja.wikipedia.org/wiki/%E5%9C%9F%E4%BD%90%E5%9B%BD
350,豊臣秀吉,四国攻め,https://ja.wikipedia.org/wiki/%E5%9B%9B%E5%9B%BD%E6%94%BB%E3%82%81
351,豊臣秀吉,四国平定,https://ja.wikipedia.org/wiki/%E5%9B%9B%E5%9B%BD%E5%B9%B3%E5%AE%9A
352,豊臣秀吉,二条昭実,https://ja.wikipedia.org/wiki/%E4%BA%8C%E6%9D%A1%E6%98%AD%E5%AE%9F
353,豊臣秀吉,近衛信尹,https://ja.wikipedia.org/wiki/%E8%BF%91%E8%A1%9B%E4%BF%A1%E5%B0%B9
354,豊臣秀吉,関白相論,https://ja.wikipedia.org/wiki/%E9%96%A2%E7%99%BD%E7%9B%B8%E8%AB%96
355,豊臣秀吉,富山の役,https://ja.wikipedia.org/wiki/%E5%AF%8C%E5%B1%B1%E3%81%AE%E5%BD%B9
356,豊臣秀吉,新川郡,https://ja.wikipedia.org/wiki/%E6%96%B0%E5%B7%9D%E9%83%A1
357,豊臣秀吉,天正地震,https://ja.wikipedia.org/wiki/%E5%A4%A9%E6%AD%A3%E5%9C%B0%E9%9C%87
358,豊臣秀吉,奥羽,https://ja.wikipedia.org/wiki/%E5%A5%A5%E7%BE%BD
359,豊臣秀吉,脇坂安治,https://ja.wikipedia.org/wiki/%E8%84%87%E5%9D%82%E5%AE%89%E6%B2%BB
360,豊臣秀吉,奉公構,https://ja.wikipedia.org/wiki/%E5%A5%89%E5%85%AC%E6%A7%8B
361,豊臣秀吉,1586年,https://ja.wikipedia.org/wiki/1586%E5%B9%B4
362,豊臣秀吉,豊臣政権,https://ja.wikipedia.org/wiki/%E8%B1%8A%E8%87%A3%E6%94%BF%E6%A8%A9
363,豊臣秀吉,九州平定,https://ja.wikipedia.org/wiki/%E4%B9%9D%E5%B7%9E%E5%B9%B3%E5%AE%9A
364,豊臣秀吉,九州,https://ja.wikipedia.org/wiki/%E4%B9%9D%E5%B7%9E
365,豊臣秀吉,龍造寺氏,https://ja.wikipedia.org/wiki/%E9%BE%8D%E9%80%A0%E5%AF%BA%E6%B0%8F
366,豊臣秀吉,島津義久,https://ja.wikipedia.org/wiki/%E5%B3%B6%E6%B4%A5%E7%BE%A9%E4%B9%85
367,豊臣秀吉,島津氏,https://ja.wikipedia.org/wiki/%E5%B3%B6%E6%B4%A5%E6%B0%8F
368,豊臣秀吉,大友義統,https://ja.wikipedia.org/wiki/%E5%A4%A7%E5%8F%8B%E7%BE%A9%E7%B5%B1
369,豊臣秀吉,仙石秀久,https://ja.wikipedia.org/wiki/%E4%BB%99%E7%9F%B3%E7%A7%80%E4%B9%85
370,豊臣秀吉,長宗我部信親,https://ja.wikipedia.org/wiki/%E9%95%B7%E5%AE%97%E6%88%91%E9%83%A8%E4%BF%A1%E8%A6%AA
371,豊臣秀吉,十河存保,https://ja.wikipedia.org/wiki/%E5%8D%81%E6%B2%B3%E5%AD%98%E4%BF%9D
372,豊臣秀吉,大野川,https://ja.wikipedia.org/wiki/%E5%A4%A7%E9%87%8E%E5%B7%9D
373,豊臣秀吉,島津家久,https://ja.wikipedia.org/wiki/%E5%B3%B6%E6%B4%A5%E5%AE%B6%E4%B9%85
374,豊臣秀吉,戸次川の戦い,https://ja.wikipedia.org/wiki/%E6%88%B8%E6%AC%A1%E5%B7%9D%E3%81%AE%E6%88%A6%E3%81%84
375,豊臣秀吉,宮部継潤,https://ja.wikipedia.org/wiki/%E5%AE%AE%E9%83%A8%E7%B6%99%E6%BD%A4
376,豊臣秀吉,宇喜多秀家,https://ja.wikipedia.org/wiki/%E5%AE%87%E5%96%9C%E5%A4%9A%E7%A7%80%E5%AE%B6
377,豊臣秀吉,日向国,https://ja.wikipedia.org/wiki/%E6%97%A5%E5%90%91%E5%9B%BD
378,豊臣秀吉,根白坂の戦い,https://ja.wikipedia.org/wiki/%E6%A0%B9%E7%99%BD%E5%9D%82%E3%81%AE%E6%88%A6%E3%81%84
379,豊臣秀吉,イエズス会,https://ja.wikipedia.org/wiki/%E3%82%A4%E3%82%A8%E3%82%BA%E3%82%B9%E4%BC%9A
380,豊臣秀吉,ガスパール・コエリョ,https://ja.wikipedia.org/wiki/%E3%82%AC%E3%82%B9%E3%83%91%E3%83%BC%E3%83%AB%E3%83%BB%E3%82%B3%E3%82%A8%E3%83%AA%E3%83%A7
381,豊臣秀吉,バテレン追放令,https://ja.wikipedia.org/wiki/%E3%83%90%E3%83%86%E3%83%AC%E3%83%B3%E8%BF%BD%E6%94%BE%E4%BB%A4
382,豊臣秀吉,10月1日 (旧暦),https://ja.wikipedia.org/wiki/10%E6%9C%881%E6%97%A5_(%E6%97%A7%E6%9A%A6)
383,豊臣秀吉,北野天満宮,https://ja.wikipedia.org/wiki/%E5%8C%97%E9%87%8E%E5%A4%A9%E6%BA%80%E5%AE%AE
384,豊臣秀吉,千利休,https://ja.wikipedia.org/wiki/%E5%8D%83%E5%88%A9%E4%BC%91
385,豊臣秀吉,津田宗及,https://ja.wikipedia.org/wiki/%E6%B4%A5%E7%94%B0%E5%AE%97%E5%8F%8A
386,豊臣秀吉,今井宗久,https://ja.wikipedia.org/wiki/%E4%BB%8A%E4%BA%95%E5%AE%97%E4%B9%85
387,豊臣秀吉,北野大茶湯,https://ja.wikipedia.org/wiki/%E5%8C%97%E9%87%8E%E5%A4%A7%E8%8C%B6%E6%B9%AF
388,豊臣秀吉,野点,https://ja.wikipedia.org/wiki/%E9%87%8E%E7%82%B9
389,豊臣秀吉,黄金の茶室,https://ja.wikipedia.org/wiki/%E9%BB%84%E9%87%91%E3%81%AE%E8%8C%B6%E5%AE%A4
390,豊臣秀吉,伊達氏,https://ja.wikipedia.org/wiki/%E4%BC%8A%E9%81%94%E6%B0%8F
391,豊臣秀吉,最上氏,https://ja.wikipedia.org/wiki/%E6%9C%80%E4%B8%8A%E6%B0%8F
392,豊臣秀吉,後北条氏,https://ja.wikipedia.org/wiki/%E5%BE%8C%E5%8C%97%E6%9D%A1%E6%B0%8F
393,豊臣秀吉,内野 (曖昧さ回避),https://ja.wikipedia.org/wiki/%E5%86%85%E9%87%8E_(%E6%9B%96%E6%98%A7%E3%81%95%E5%9B%9E%E9%81%BF)
394,豊臣秀吉,聚楽第,https://ja.wikipedia.org/wiki/%E8%81%9A%E6%A5%BD%E7%AC%AC
395,豊臣秀吉,4月14日 (旧暦),https://ja.wikipedia.org/wiki/4%E6%9C%8814%E6%97%A5_(%E6%97%A7%E6%9A%A6)
396,豊臣秀吉,後陽成天皇,https://ja.wikipedia.org/wiki/%E5%BE%8C%E9%99%BD%E6%88%90%E5%A4%A9%E7%9A%87
397,豊臣秀吉,刀狩令,https://ja.wikipedia.org/wiki/%E5%88%80%E7%8B%A9%E4%BB%A4
398,豊臣秀吉,海賊停止令,https://ja.wikipedia.org/wiki/%E6%B5%B7%E8%B3%8A%E5%81%9C%E6%AD%A2%E4%BB%A4
399,豊臣秀吉,池享,https://ja.wikipedia.org/wiki/%E6%B1%A0%E4%BA%AB
400,豊臣秀吉,高橋富雄,https://ja.wikipedia.org/wiki/%E9%AB%98%E6%A9%8B%E5%AF%8C%E9%9B%84
401,豊臣秀吉,小田原征伐,https://ja.wikipedia.org/wiki/%E5%B0%8F%E7%94%B0%E5%8E%9F%E5%BE%81%E4%BC%90
402,豊臣秀吉,奥州仕置,https://ja.wikipedia.org/wiki/%E5%A5%A5%E5%B7%9E%E4%BB%95%E7%BD%AE
403,豊臣秀吉,1589年,https://ja.wikipedia.org/wiki/1589%E5%B9%B4
404,豊臣秀吉,猪俣邦憲,https://ja.wikipedia.org/wiki/%E7%8C%AA%E4%BF%A3%E9%82%A6%E6%86%B2
405,豊臣秀吉,真田昌幸,https://ja.wikipedia.org/wiki/%E7%9C%9F%E7%94%B0%E6%98%8C%E5%B9%B8
406,豊臣秀吉,鈴木重則,https://ja.wikipedia.org/wiki/%E9%88%B4%E6%9C%A8%E9%87%8D%E5%89%87
407,豊臣秀吉,上野国,https://ja.wikipedia.org/wiki/%E4%B8%8A%E9%87%8E%E5%9B%BD
408,豊臣秀吉,名胡桃城,https://ja.wikipedia.org/wiki/%E5%90%8D%E8%83%A1%E6%A1%83%E5%9F%8E
409,豊臣秀吉,関東地方,https://ja.wikipedia.org/wiki/%E9%96%A2%E6%9D%B1%E5%9C%B0%E6%96%B9
410,豊臣秀吉,小田原城,https://ja.wikipedia.org/wiki/%E5%B0%8F%E7%94%B0%E5%8E%9F%E5%9F%8E
411,豊臣秀吉,滝川雄利,https://ja.wikipedia.org/wiki/%E6%BB%9D%E5%B7%9D%E9%9B%84%E5%88%A9
412,豊臣秀吉,北条氏政,https://ja.wikipedia.org/wiki/%E5%8C%97%E6%9D%A1%E6%B0%8F%E6%94%BF
413,豊臣秀吉,北条氏直,https://ja.wikipedia.org/wiki/%E5%8C%97%E6%9D%A1%E6%B0%8F%E7%9B%B4
414,豊臣秀吉,北条氏照,https://ja.wikipedia.org/wiki/%E5%8C%97%E6%9D%A1%E6%B0%8F%E7%85%A7
415,豊臣秀吉,最上義光,https://ja.wikipedia.org/wiki/%E6%9C%80%E4%B8%8A%E7%BE%A9%E5%85%89
416,豊臣秀吉,伊達政宗,https://ja.wikipedia.org/wiki/%E4%BC%8A%E9%81%94%E6%94%BF%E5%AE%97
417,豊臣秀吉,下野国,https://ja.wikipedia.org/wiki/%E4%B8%8B%E9%87%8E%E5%9B%BD
418,豊臣秀吉,宇都宮城,https://ja.wikipedia.org/wiki/%E5%AE%87%E9%83%BD%E5%AE%AE%E5%9F%8E
419,豊臣秀吉,葛西氏,https://ja.wikipedia.org/wiki/%E8%91%9B%E8%A5%BF%E6%B0%8F
420,豊臣秀吉,大崎氏,https://ja.wikipedia.org/wiki/%E5%A4%A7%E5%B4%8E%E6%B0%8F
421,豊臣秀吉,蘆名氏,https://ja.wikipedia.org/wiki/%E8%98%86%E5%90%8D%E6%B0%8F
422,豊臣秀吉,蘆名義広,https://ja.wikipedia.org/wiki/%E8%98%86%E5%90%8D%E7%BE%A9%E5%BA%83
423,豊臣秀吉,木村吉清,https://ja.wikipedia.org/wiki/%E6%9C%A8%E6%9D%91%E5%90%89%E6%B8%85
424,豊臣秀吉,葛西大崎一揆,https://ja.wikipedia.org/wiki/%E8%91%9B%E8%A5%BF%E5%A4%A7%E5%B4%8E%E4%B8%80%E6%8F%86
425,豊臣秀吉,南部信直,https://ja.wikipedia.org/wiki/%E5%8D%97%E9%83%A8%E4%BF%A1%E7%9B%B4
426,豊臣秀吉,九戸政実,https://ja.wikipedia.org/wiki/%E4%B9%9D%E6%88%B8%E6%94%BF%E5%AE%9F
427,豊臣秀吉,九戸政実の乱,https://ja.wikipedia.org/wiki/%E4%B9%9D%E6%88%B8%E6%94%BF%E5%AE%9F%E3%81%AE%E4%B9%B1
428,豊臣秀吉,1591年,https://ja.wikipedia.org/wiki/1591%E5%B9%B4
429,豊臣秀吉,佐竹義重,https://ja.wikipedia.org/wiki/%E4%BD%90%E7%AB%B9%E7%BE%A9%E9%87%8D
430,豊臣秀吉,上杉景勝,https://ja.wikipedia.org/wiki/%E4%B8%8A%E6%9D%89%E6%99%AF%E5%8B%9D
431,豊臣秀吉,宇都宮国綱,https://ja.wikipedia.org/wiki/%E5%AE%87%E9%83%BD%E5%AE%AE%E5%9B%BD%E7%B6%B1
432,豊臣秀吉,蠣崎氏,https://ja.wikipedia.org/wiki/%E8%A0%A3%E5%B4%8E%E6%B0%8F
433,豊臣秀吉,蝦夷,https://ja.wikipedia.org/wiki/%E8%9D%A6%E5%A4%B7
434,豊臣秀吉,アイヌ,https://ja.wikipedia.org/wiki/%E3%82%A2%E3%82%A4%E3%83%8C
435,豊臣秀吉,長宗我部氏,https://ja.wikipedia.org/wiki/%E9%95%B7%E5%AE%97%E6%88%91%E9%83%A8%E6%B0%8F
436,豊臣秀吉,藤田恒春,https://ja.wikipedia.org/wiki/%E8%97%A4%E7%94%B0%E6%81%92%E6%98%A5
437,豊臣秀吉,徳川氏,https://ja.wikipedia.org/wiki/%E5%BE%B3%E5%B7%9D%E6%B0%8F
438,豊臣秀吉,一条戻橋,https://ja.wikipedia.org/wiki/%E4%B8%80%E6%9D%A1%E6%88%BB%E6%A9%8B
439,豊臣秀吉,御土居,https://ja.wikipedia.org/wiki/%E5%BE%A1%E5%9C%9F%E5%B1%85
440,豊臣秀吉,洛中,https://ja.wikipedia.org/wiki/%E6%B4%9B%E4%B8%AD
441,豊臣秀吉,洛外,https://ja.wikipedia.org/wiki/%E6%B4%9B%E5%A4%96
442,豊臣秀吉,文禄・慶長の役,https://ja.wikipedia.org/wiki/%E6%96%87%E7%A6%84%E3%83%BB%E6%85%B6%E9%95%B7%E3%81%AE%E5%BD%B9#文禄の役
443,豊臣秀吉,肥前国,https://ja.wikipedia.org/wiki/%E8%82%A5%E5%89%8D%E5%9B%BD
444,豊臣秀吉,名護屋城,https://ja.wikipedia.org/wiki/%E5%90%8D%E8%AD%B7%E5%B1%8B%E5%9F%8E
445,豊臣秀吉,文禄,https://ja.wikipedia.org/wiki/%E6%96%87%E7%A6%84
446,豊臣秀吉,1592年,https://ja.wikipedia.org/wiki/1592%E5%B9%B4
447,豊臣秀吉,李氏朝鮮,https://ja.wikipedia.org/wiki/%E6%9D%8E%E6%B0%8F%E6%9C%9D%E9%AE%AE
448,豊臣秀吉,ソウル特別市,https://ja.wikipedia.org/wiki/%E3%82%BD%E3%82%A6%E3%83%AB%E7%89%B9%E5%88%A5%E5%B8%82
449,豊臣秀吉,平壌,https://ja.wikipedia.org/wiki/%E5%B9%B3%E5%A3%8C
450,豊臣秀吉,1593年,https://ja.wikipedia.org/wiki/1593%E5%B9%B4
451,豊臣秀吉,豊臣秀次,https://ja.wikipedia.org/wiki/%E8%B1%8A%E8%87%A3%E7%A7%80%E6%AC%A1#切腹事件
452,豊臣秀吉,8月3日 (旧暦),https://ja.wikipedia.org/wiki/8%E6%9C%883%E6%97%A5_(%E6%97%A7%E6%9A%A6)
453,豊臣秀吉,伏見城,https://ja.wikipedia.org/wiki/%E4%BC%8F%E8%A6%8B%E5%9F%8E
454,豊臣秀吉,山科言経,https://ja.wikipedia.org/wiki/%E5%B1%B1%E7%A7%91%E8%A8%80%E7%B5%8C
455,豊臣秀吉,言経卿記,https://ja.wikipedia.org/wiki/%E8%A8%80%E7%B5%8C%E5%8D%BF%E8%A8%98
456,豊臣秀吉,9月4日 (旧暦),https://ja.wikipedia.org/wiki/9%E6%9C%884%E6%97%A5_(%E6%97%A7%E6%9A%A6)
457,豊臣秀吉,駒井重勝,https://ja.wikipedia.org/wiki/%E9%A7%92%E4%BA%95%E9%87%8D%E5%8B%9D
458,豊臣秀吉,木下吉隆,https://ja.wikipedia.org/wiki/%E6%9C%A8%E4%B8%8B%E5%90%89%E9%9A%86
459,豊臣秀吉,前田玄以,https://ja.wikipedia.org/wiki/%E5%89%8D%E7%94%B0%E7%8E%84%E4%BB%A5
460,豊臣秀吉,増田長盛,https://ja.wikipedia.org/wiki/%E5%A2%97%E7%94%B0%E9%95%B7%E7%9B%9B
461,豊臣秀吉,富田一白,https://ja.wikipedia.org/wiki/%E5%AF%8C%E7%94%B0%E4%B8%80%E7%99%BD
462,豊臣秀吉,青巌寺,https://ja.wikipedia.org/wiki/%E9%9D%92%E5%B7%8C%E5%AF%BA
463,豊臣秀吉,福島正則,https://ja.wikipedia.org/wiki/%E7%A6%8F%E5%B3%B6%E6%AD%A3%E5%89%87
464,豊臣秀吉,池田景雄,https://ja.wikipedia.org/wiki/%E6%B1%A0%E7%94%B0%E6%99%AF%E9%9B%84
465,豊臣秀吉,福原長堯,https://ja.wikipedia.org/wiki/%E7%A6%8F%E5%8E%9F%E9%95%B7%E5%A0%AF
466,豊臣秀吉,賜死,https://ja.wikipedia.org/wiki/%E8%B3%9C%E6%AD%BB
467,豊臣秀吉,8月2日 (旧暦),https://ja.wikipedia.org/wiki/8%E6%9C%882%E6%97%A5_(%E6%97%A7%E6%9A%A6)
468,豊臣秀吉,三鬼清一郎,https://ja.wikipedia.org/wiki/%E4%B8%89%E9%AC%BC%E6%B8%85%E4%B8%80%E9%83%8E
469,豊臣秀吉,太田牛一,https://ja.wikipedia.org/wiki/%E5%A4%AA%E7%94%B0%E7%89%9B%E4%B8%80
470,豊臣秀吉,大かうさまくんきのうち,https://ja.wikipedia.org/wiki/%E5%A4%A7%E3%81%8B%E3%81%86%E3%81%95%E3%81%BE%E3%81%8F%E3%82%93%E3%81%8D%E3%81%AE%E3%81%86%E3%81%A1
471,豊臣秀吉,渡辺世祐,https://ja.wikipedia.org/wiki/%E6%B8%A1%E8%BE%BA%E4%B8%96%E7%A5%90
472,豊臣秀吉,小和田哲男,https://ja.wikipedia.org/wiki/%E5%B0%8F%E5%92%8C%E7%94%B0%E5%93%B2%E7%94%B7
473,豊臣秀吉,宮本義己,https://ja.wikipedia.org/wiki/%E5%AE%AE%E6%9C%AC%E7%BE%A9%E5%B7%B1
474,豊臣秀吉,曲直瀬玄朔,https://ja.wikipedia.org/wiki/%E6%9B%B2%E7%9B%B4%E7%80%AC%E7%8E%84%E6%9C%94
475,豊臣秀吉,谷口克広,https://ja.wikipedia.org/wiki/%E8%B0%B7%E5%8F%A3%E5%85%8B%E5%BA%83
476,豊臣秀吉,サン＝フェリペ号事件,https://ja.wikipedia.org/wiki/%E3%82%B5%E3%83%B3%EF%BC%9D%E3%83%95%E3%82%A7%E3%83%AA%E3%83%9A%E5%8F%B7%E4%BA%8B%E4%BB%B6
477,豊臣秀吉,日本二十六聖人,https://ja.wikipedia.org/wiki/%E6%97%A5%E6%9C%AC%E4%BA%8C%E5%8D%81%E5%85%AD%E8%81%96%E4%BA%BA
478,豊臣秀吉,1596年,https://ja.wikipedia.org/wiki/1596%E5%B9%B4
479,豊臣秀吉,スペイン,https://ja.wikipedia.org/wiki/%E3%82%B9%E3%83%9A%E3%82%A4%E3%83%B3
480,豊臣秀吉,スペイン人,https://ja.wikipedia.org/wiki/%E3%82%B9%E3%83%9A%E3%82%A4%E3%83%B3%E4%BA%BA
481,豊臣秀吉,海賊,https://ja.wikipedia.org/wiki/%E6%B5%B7%E8%B3%8A
482,豊臣秀吉,ペルー,https://ja.wikipedia.org/wiki/%E3%83%9A%E3%83%AB%E3%83%BC
483,豊臣秀吉,メキシコ,https://ja.wikipedia.org/wiki/%E3%83%A1%E3%82%AD%E3%82%B7%E3%82%B3
484,豊臣秀吉,フィリピン,https://ja.wikipedia.org/wiki/%E3%83%95%E3%82%A3%E3%83%AA%E3%83%94%E3%83%B3
485,豊臣秀吉,ポルトガル人,https://ja.wikipedia.org/wiki/%E3%83%9D%E3%83%AB%E3%83%88%E3%82%AC%E3%83%AB%E4%BA%BA
486,豊臣秀吉,1597年,https://ja.wikipedia.org/wiki/1597%E5%B9%B4
487,豊臣秀吉,フランシスコ会,https://ja.wikipedia.org/wiki/%E3%83%95%E3%83%A9%E3%83%B3%E3%82%B7%E3%82%B9%E3%82%B3%E4%BC%9A
488,豊臣秀吉,禁教令,https://ja.wikipedia.org/wiki/%E7%A6%81%E6%95%99%E4%BB%A4
489,豊臣秀吉,大坂,https://ja.wikipedia.org/wiki/%E5%A4%A7%E5%9D%82
490,豊臣秀吉,パウロ三木,https://ja.wikipedia.org/wiki/%E3%83%91%E3%82%A6%E3%83%AD%E4%B8%89%E6%9C%A8
491,豊臣秀吉,文禄・慶長の役,https://ja.wikipedia.org/wiki/%E6%96%87%E7%A6%84%E3%83%BB%E6%85%B6%E9%95%B7%E3%81%AE%E5%BD%B9#慶長の役
492,豊臣秀吉,全羅道,https://ja.wikipedia.org/wiki/%E5%85%A8%E7%BE%85%E9%81%93
493,豊臣秀吉,忠清道,https://ja.wikipedia.org/wiki/%E5%BF%A0%E6%B8%85%E9%81%93
494,豊臣秀吉,京畿道,https://ja.wikipedia.org/wiki/%E4%BA%AC%E7%95%BF%E9%81%93
495,豊臣秀吉,漆川梁海戦,https://ja.wikipedia.org/wiki/%E6%BC%86%E5%B7%9D%E6%A2%81%E6%B5%B7%E6%88%A6
496,豊臣秀吉,慶尚道,https://ja.wikipedia.org/wiki/%E6%85%B6%E5%B0%9A%E9%81%93
497,豊臣秀吉,倭城,https://ja.wikipedia.org/wiki/%E5%80%AD%E5%9F%8E
498,豊臣秀吉,蔚山倭城,https://ja.wikipedia.org/wiki/%E8%94%9A%E5%B1%B1%E5%80%AD%E5%9F%8E
499,豊臣秀吉,蔚山城の戦い,https://ja.wikipedia.org/wiki/%E8%94%9A%E5%B1%B1%E5%9F%8E%E3%81%AE%E6%88%A6%E3%81%84#第一次蔚山城の戦い
500,豊臣秀吉,第二次蔚山城の戦い,https://ja.wikipedia.org/wiki/%E7%AC%AC%E4%BA%8C%E6%AC%A1%E8%94%9A%E5%B1%B1%E5%9F%8E%E3%81%AE%E6%88%A6%E3%81%84
501,豊臣秀吉,泗川の戦い,https://ja.wikipedia.org/wiki/%E6%B3%97%E5%B7%9D%E3%81%AE%E6%88%A6%E3%81%84
502,豊臣秀吉,順天城の戦い,https://ja.wikipedia.org/wiki/%E9%A0%86%E5%A4%A9%E5%9F%8E%E3%81%AE%E6%88%A6%E3%81%84
503,豊臣秀吉,醍醐寺,https://ja.wikipedia.org/wiki/%E9%86%8D%E9%86%90%E5%AF%BA
504,豊臣秀吉,醍醐の花見,https://ja.wikipedia.org/wiki/%E9%86%8D%E9%86%90%E3%81%AE%E8%8A%B1%E8%A6%8B
505,豊臣秀吉,京都新城,https://ja.wikipedia.org/wiki/%E4%BA%AC%E9%83%BD%E6%96%B0%E5%9F%8E
506,豊臣秀吉,五奉行,https://ja.wikipedia.org/wiki/%E4%BA%94%E5%A5%89%E8%A1%8C
507,豊臣秀吉,長束正家,https://ja.wikipedia.org/wiki/%E9%95%B7%E6%9D%9F%E6%AD%A3%E5%AE%B6
508,豊臣秀吉,八幡神,https://ja.wikipedia.org/wiki/%E5%85%AB%E5%B9%A1%E7%A5%9E
509,豊臣秀吉,甲斐善光寺,https://ja.wikipedia.org/wiki/%E7%94%B2%E6%96%90%E5%96%84%E5%85%89%E5%AF%BA
510,豊臣秀吉,方広寺,https://ja.wikipedia.org/wiki/%E6%96%B9%E5%BA%83%E5%AF%BA
511,豊臣秀吉,善光寺,https://ja.wikipedia.org/wiki/%E5%96%84%E5%85%89%E5%AF%BA
512,豊臣秀吉,阿弥陀三尊,https://ja.wikipedia.org/wiki/%E9%98%BF%E5%BC%A5%E9%99%80%E4%B8%89%E5%B0%8A
513,豊臣秀吉,神龍院梵舜,https://ja.wikipedia.org/wiki/%E7%A5%9E%E9%BE%8D%E9%99%A2%E6%A2%B5%E8%88%9C
514,豊臣秀吉,木食応其,https://ja.wikipedia.org/wiki/%E6%9C%A8%E9%A3%9F%E5%BF%9C%E5%85%B6
515,豊臣秀吉,阿弥陀ヶ峰,https://ja.wikipedia.org/wiki/%E9%98%BF%E5%BC%A5%E9%99%80%E3%83%B6%E5%B3%B0
516,豊臣秀吉,1599年,https://ja.wikipedia.org/wiki/1599%E5%B9%B4
517,豊臣秀吉,義演,https://ja.wikipedia.org/wiki/%E7%BE%A9%E6%BC%94
518,豊臣秀吉,豊葦原瑞穂国,https://ja.wikipedia.org/wiki/%E8%B1%8A%E8%91%A6%E5%8E%9F%E7%91%9E%E7%A9%82%E5%9B%BD
519,豊臣秀吉,神階,https://ja.wikipedia.org/wiki/%E7%A5%9E%E9%9A%8E
520,豊臣秀吉,和暦,https://ja.wikipedia.org/wiki/%E5%92%8C%E6%9A%A6
521,豊臣秀吉,西暦,https://ja.wikipedia.org/wiki/%E8%A5%BF%E6%9A%A6
522,豊臣秀吉,北野大茶会,https://ja.wikipedia.org/wiki/%E5%8C%97%E9%87%8E%E5%A4%A7%E8%8C%B6%E4%BC%9A
523,豊臣秀吉,聚楽第行幸,https://ja.wikipedia.org/wiki/%E8%81%9A%E6%A5%BD%E7%AC%AC%E8%A1%8C%E5%B9%B8
524,豊臣秀吉,百姓,https://ja.wikipedia.org/wiki/%E7%99%BE%E5%A7%93
525,豊臣秀吉,太田道灌,https://ja.wikipedia.org/wiki/%E5%A4%AA%E7%94%B0%E9%81%93%E7%81%8C
526,豊臣秀吉,北条早雲,https://ja.wikipedia.org/wiki/%E5%8C%97%E6%9D%A1%E6%97%A9%E9%9B%B2
527,豊臣秀吉,フロイス日本史,https://ja.wikipedia.org/wiki/%E3%83%95%E3%83%AD%E3%82%A4%E3%82%B9%E6%97%A5%E6%9C%AC%E5%8F%B2
528,豊臣秀吉,八切止夫,https://ja.wikipedia.org/wiki/%E5%85%AB%E5%88%87%E6%AD%A2%E5%A4%AB
529,豊臣秀吉,井沢元彦,https://ja.wikipedia.org/wiki/%E4%BA%95%E6%B2%A2%E5%85%83%E5%BD%A6
530,豊臣秀吉,大野治長,https://ja.wikipedia.org/wiki/%E5%A4%A7%E9%87%8E%E6%B2%BB%E9%95%B7
531,豊臣秀吉,長浜市,https://ja.wikipedia.org/wiki/%E9%95%B7%E6%B5%9C%E5%B8%82
532,豊臣秀吉,多聞院日記,https://ja.wikipedia.org/wiki/%E5%A4%9A%E8%81%9E%E9%99%A2%E6%97%A5%E8%A8%98
533,豊臣秀吉,サル,https://ja.wikipedia.org/wiki/%E3%82%B5%E3%83%AB
534,豊臣秀吉,玉木吉保,https://ja.wikipedia.org/wiki/%E7%8E%89%E6%9C%A8%E5%90%89%E4%BF%9D
535,豊臣秀吉,懲毖録,https://ja.wikipedia.org/wiki/%E6%87%B2%E6%AF%96%E9%8C%B2
536,豊臣秀吉,ルイス・フロイス,https://ja.wikipedia.org/wiki/%E3%83%AB%E3%82%A4%E3%82%B9%E3%83%BB%E3%83%95%E3%83%AD%E3%82%A4%E3%82%B9
537,豊臣秀吉,落書,https://ja.wikipedia.org/wiki/%E8%90%BD%E6%9B%B8
538,豊臣秀吉,山王信仰,https://ja.wikipedia.org/wiki/%E5%B1%B1%E7%8E%8B%E4%BF%A1%E4%BB%B0
539,豊臣秀吉,日吉大社,https://ja.wikipedia.org/wiki/%E6%97%A5%E5%90%89%E5%A4%A7%E7%A4%BE
540,豊臣秀吉,多指症,https://ja.wikipedia.org/wiki/%E5%A4%9A%E6%8C%87%E7%97%87
541,豊臣秀吉,三上参次,https://ja.wikipedia.org/wiki/%E4%B8%89%E4%B8%8A%E5%8F%82%E6%AC%A1
542,豊臣秀吉,松田毅一,https://ja.wikipedia.org/wiki/%E6%9D%BE%E7%94%B0%E6%AF%85%E4%B8%80
543,豊臣秀吉,幸田成友,https://ja.wikipedia.org/wiki/%E5%B9%B8%E7%94%B0%E6%88%90%E5%8F%8B
544,豊臣秀吉,姜沆,https://ja.wikipedia.org/wiki/%E5%A7%9C%E6%B2%86
545,豊臣秀吉,服部英雄,https://ja.wikipedia.org/wiki/%E6%9C%8D%E9%83%A8%E8%8B%B1%E9%9B%84
546,豊臣秀吉,金森長近,https://ja.wikipedia.org/wiki/%E9%87%91%E6%A3%AE%E9%95%B7%E8%BF%91
547,豊臣秀吉,梅毒,https://ja.wikipedia.org/wiki/%E6%A2%85%E6%AF%92
548,豊臣秀吉,大腸癌,https://ja.wikipedia.org/wiki/%E5%A4%A7%E8%85%B8%E7%99%8C
549,豊臣秀吉,赤痢,https://ja.wikipedia.org/wiki/%E8%B5%A4%E7%97%A2
550,豊臣秀吉,尿毒症,https://ja.wikipedia.org/wiki/%E5%B0%BF%E6%AF%92%E7%97%87
551,豊臣秀吉,脚気,https://ja.wikipedia.org/wiki/%E8%84%9A%E6%B0%97
552,豊臣秀吉,腎虚,https://ja.wikipedia.org/wiki/%E8%85%8E%E8%99%9A
553,豊臣秀吉,感冒,https://ja.wikipedia.org/wiki/%E6%84%9F%E5%86%92
554,豊臣秀吉,沈惟敬,https://ja.wikipedia.org/wiki/%E6%B2%88%E6%83%9F%E6%95%AC
555,豊臣秀吉,花押,https://ja.wikipedia.org/wiki/%E8%8A%B1%E6%8A%BC
556,豊臣秀吉,石川数正,https://ja.wikipedia.org/wiki/%E7%9F%B3%E5%B7%9D%E6%95%B0%E6%AD%A3
557,豊臣秀吉,菅笠,https://ja.wikipedia.org/wiki/%E8%8F%85%E7%AC%A0
558,豊臣秀吉,名将言行録,https://ja.wikipedia.org/wiki/%E5%90%8D%E5%B0%86%E8%A8%80%E8%A1%8C%E9%8C%B2
559,豊臣秀吉,鎌倉,https://ja.wikipedia.org/wiki/%E9%8E%8C%E5%80%89
560,豊臣秀吉,鶴岡八幡宮,https://ja.wikipedia.org/wiki/%E9%B6%B4%E5%B2%A1%E5%85%AB%E5%B9%A1%E5%AE%AE
561,豊臣秀吉,源頼朝,https://ja.wikipedia.org/wiki/%E6%BA%90%E9%A0%BC%E6%9C%9D
562,豊臣秀吉,川角太閤記,https://ja.wikipedia.org/wiki/%E5%B7%9D%E8%A7%92%E5%A4%AA%E9%96%A4%E8%A8%98
563,豊臣秀吉,本多重次,https://ja.wikipedia.org/wiki/%E6%9C%AC%E5%A4%9A%E9%87%8D%E6%AC%A1
564,豊臣秀吉,男色,https://ja.wikipedia.org/wiki/%E7%94%B7%E8%89%B2
565,豊臣秀吉,衆道,https://ja.wikipedia.org/wiki/%E8%A1%86%E9%81%93
566,豊臣秀吉,日本語の二人称代名詞,https://ja.wikipedia.org/wiki/%E6%97%A5%E6%9C%AC%E8%AA%9E%E3%81%AE%E4%BA%8C%E4%BA%BA%E7%A7%B0%E4%BB%A3%E5%90%8D%E8%A9%9E#古風・高貴
567,豊臣秀吉,傾奇者,https://ja.wikipedia.org/wiki/%E5%82%BE%E5%A5%87%E8%80%85
568,豊臣秀吉,山伏,https://ja.wikipedia.org/wiki/%E5%B1%B1%E4%BC%8F
569,豊臣秀吉,連歌,https://ja.wikipedia.org/wiki/%E9%80%A3%E6%AD%8C
570,豊臣秀吉,里村紹巴,https://ja.wikipedia.org/wiki/%E9%87%8C%E6%9D%91%E7%B4%B9%E5%B7%B4
571,豊臣秀吉,茶道,https://ja.wikipedia.org/wiki/%E8%8C%B6%E9%81%93
572,豊臣秀吉,今出川晴季,https://ja.wikipedia.org/wiki/%E4%BB%8A%E5%87%BA%E5%B7%9D%E6%99%B4%E5%AD%A3
573,豊臣秀吉,禅,https://ja.wikipedia.org/wiki/%E7%A6%85
574,豊臣秀吉,西笑承兌,https://ja.wikipedia.org/wiki/%E8%A5%BF%E7%AC%91%E6%89%BF%E5%85%8C
575,豊臣秀吉,儒学,https://ja.wikipedia.org/wiki/%E5%84%92%E5%AD%A6
576,豊臣秀吉,能楽,https://ja.wikipedia.org/wiki/%E8%83%BD%E6%A5%BD
577,豊臣秀吉,古田重然,https://ja.wikipedia.org/wiki/%E5%8F%A4%E7%94%B0%E9%87%8D%E7%84%B6
578,豊臣秀吉,若狭,https://ja.wikipedia.org/wiki/%E8%8B%A5%E7%8B%AD
579,豊臣秀吉,小浜,https://ja.wikipedia.org/wiki/%E5%B0%8F%E6%B5%9C
580,豊臣秀吉,小瀬甫庵,https://ja.wikipedia.org/wiki/%E5%B0%8F%E7%80%AC%E7%94%AB%E5%BA%B5
581,豊臣秀吉,太閤記,https://ja.wikipedia.org/wiki/%E5%A4%AA%E9%96%A4%E8%A8%98
582,豊臣秀吉,呂宋助左衛門,https://ja.wikipedia.org/wiki/%E5%91%82%E5%AE%8B%E5%8A%A9%E5%B7%A6%E8%A1%9B%E9%96%80
583,豊臣秀吉,北大路魯山人,https://ja.wikipedia.org/wiki/%E5%8C%97%E5%A4%A7%E8%B7%AF%E9%AD%AF%E5%B1%B1%E4%BA%BA
584,豊臣秀吉,書道,https://ja.wikipedia.org/wiki/%E6%9B%B8%E9%81%93
585,豊臣秀吉,三筆,https://ja.wikipedia.org/wiki/%E4%B8%89%E7%AD%86
586,豊臣秀吉,囲碁,https://ja.wikipedia.org/wiki/%E5%9B%B2%E7%A2%81
587,豊臣秀吉,名人 (囲碁),https://ja.wikipedia.org/wiki/%E5%90%8D%E4%BA%BA_(%E5%9B%B2%E7%A2%81)
588,豊臣秀吉,本因坊算砂,https://ja.wikipedia.org/wiki/%E6%9C%AC%E5%9B%A0%E5%9D%8A%E7%AE%97%E7%A0%82
589,豊臣秀吉,鬼庭綱元,https://ja.wikipedia.org/wiki/%E9%AC%BC%E5%BA%AD%E7%B6%B1%E5%85%83
590,豊臣秀吉,香の前,https://ja.wikipedia.org/wiki/%E9%A6%99%E3%81%AE%E5%89%8D
591,豊臣秀吉,龍造寺政家,https://ja.wikipedia.org/wiki/%E9%BE%8D%E9%80%A0%E5%AF%BA%E6%94%BF%E5%AE%B6
592,豊臣秀吉,将棋,https://ja.wikipedia.org/wiki/%E5%B0%86%E6%A3%8B
593,豊臣秀吉,太閤将棋,https://ja.wikipedia.org/wiki/%E5%A4%AA%E9%96%A4%E5%B0%86%E6%A3%8B
594,豊臣秀吉,将棋の手合割,https://ja.wikipedia.org/wiki/%E5%B0%86%E6%A3%8B%E3%81%AE%E6%89%8B%E5%90%88%E5%89%B2
595,豊臣秀吉,馬印,https://ja.wikipedia.org/wiki/%E9%A6%AC%E5%8D%B0
596,豊臣秀吉,本能寺の変,https://ja.wikipedia.org/wiki/%E6%9C%AC%E8%83%BD%E5%AF%BA%E3%81%AE%E5%A4%89#変の要因
597,豊臣秀吉,三職推任問題,https://ja.wikipedia.org/wiki/%E4%B8%89%E8%81%B7%E6%8E%A8%E4%BB%BB%E5%95%8F%E9%A1%8C
598,豊臣秀吉,勧修寺晴豊,https://ja.wikipedia.org/wiki/%E5%8B%A7%E4%BF%AE%E5%AF%BA%E6%99%B4%E8%B1%8A
599,豊臣秀吉,亀山城 (備前国),https://ja.wikipedia.org/wiki/%E4%BA%80%E5%B1%B1%E5%9F%8E_(%E5%82%99%E5%89%8D%E5%9B%BD)
600,豊臣秀吉,安国寺恵瓊,https://ja.wikipedia.org/wiki/%E5%AE%89%E5%9B%BD%E5%AF%BA%E6%81%B5%E7%93%8A
601,豊臣秀吉,信長公記,https://ja.wikipedia.org/wiki/%E4%BF%A1%E9%95%B7%E5%85%AC%E8%A8%98
602,豊臣秀吉,武田元明,https://ja.wikipedia.org/wiki/%E6%AD%A6%E7%94%B0%E5%85%83%E6%98%8E
603,豊臣秀吉,京極高次,https://ja.wikipedia.org/wiki/%E4%BA%AC%E6%A5%B5%E9%AB%98%E6%AC%A1
604,豊臣秀吉,斎藤利三,https://ja.wikipedia.org/wiki/%E6%96%8E%E8%97%A4%E5%88%A9%E4%B8%89
605,豊臣秀吉,摂関政治,https://ja.wikipedia.org/wiki/%E6%91%82%E9%96%A2%E6%94%BF%E6%B2%BB
606,豊臣秀吉,誠仁親王,https://ja.wikipedia.org/wiki/%E8%AA%A0%E4%BB%81%E8%A6%AA%E7%8E%8B
607,豊臣秀吉,親王宣下,https://ja.wikipedia.org/wiki/%E8%A6%AA%E7%8E%8B%E5%AE%A3%E4%B8%8B
608,豊臣秀吉,外戚,https://ja.wikipedia.org/wiki/%E5%A4%96%E6%88%9A
609,豊臣秀吉,天正大判,https://ja.wikipedia.org/wiki/%E5%A4%A9%E6%AD%A3%E5%A4%A7%E5%88%A4
610,豊臣秀吉,喧嘩停止令,https://ja.wikipedia.org/wiki/%E5%96%A7%E5%98%A9%E5%81%9C%E6%AD%A2%E4%BB%A4
611,豊臣秀吉,尺,https://ja.wikipedia.org/wiki/%E5%B0%BA
612,豊臣秀吉,江戸時代,https://ja.wikipedia.org/wiki/%E6%B1%9F%E6%88%B8%E6%99%82%E4%BB%A3
613,豊臣秀吉,脇田修,https://ja.wikipedia.org/wiki/%E8%84%87%E7%94%B0%E4%BF%AE
614,豊臣秀吉,佐々木潤之介,https://ja.wikipedia.org/wiki/%E4%BD%90%E3%80%85%E6%9C%A8%E6%BD%A4%E4%B9%8B%E4%BB%8B
615,豊臣秀吉,鎌田道隆,https://ja.wikipedia.org/wiki/%E9%8E%8C%E7%94%B0%E9%81%93%E9%9A%86
616,豊臣秀吉,東京大学史料編纂所,https://ja.wikipedia.org/wiki/%E6%9D%B1%E4%BA%AC%E5%A4%A7%E5%AD%A6%E5%8F%B2%E6%96%99%E7%B7%A8%E7%BA%82%E6%89%80
617,豊臣秀吉,廃藩置県,https://ja.wikipedia.org/wiki/%E5%BB%83%E8%97%A9%E7%BD%AE%E7%9C%8C
618,豊臣秀吉,園城寺,https://ja.wikipedia.org/wiki/%E5%9C%92%E5%9F%8E%E5%AF%BA
619,豊臣秀吉,闕所,https://ja.wikipedia.org/wiki/%E9%97%95%E6%89%80
620,豊臣秀吉,根来寺,https://ja.wikipedia.org/wiki/%E6%A0%B9%E6%9D%A5%E5%AF%BA
621,豊臣秀吉,京の大仏,https://ja.wikipedia.org/wiki/%E4%BA%AC%E3%81%AE%E5%A4%A7%E4%BB%8F
622,豊臣秀吉,富士の巻狩り,https://ja.wikipedia.org/wiki/%E5%AF%8C%E5%A3%AB%E3%81%AE%E5%B7%BB%E7%8B%A9%E3%82%8A
623,豊臣秀吉,元和 (日本),https://ja.wikipedia.org/wiki/%E5%85%83%E5%92%8C_(%E6%97%A5%E6%9C%AC)
624,豊臣秀吉,1615年,https://ja.wikipedia.org/wiki/1615%E5%B9%B4
625,豊臣秀吉,後水尾天皇,https://ja.wikipedia.org/wiki/%E5%BE%8C%E6%B0%B4%E5%B0%BE%E5%A4%A9%E7%9A%87
626,豊臣秀吉,勅許,https://ja.wikipedia.org/wiki/%E5%8B%85%E8%A8%B1
627,豊臣秀吉,江戸幕府,https://ja.wikipedia.org/wiki/%E6%B1%9F%E6%88%B8%E5%B9%95%E5%BA%9C
628,豊臣秀吉,明治天皇,https://ja.wikipedia.org/wiki/%E6%98%8E%E6%B2%BB%E5%A4%A9%E7%9A%87
629,豊臣秀吉,顕如,https://ja.wikipedia.org/wiki/%E9%A1%95%E5%A6%82
630,豊臣秀吉,朱印状,https://ja.wikipedia.org/wiki/%E6%9C%B1%E5%8D%B0%E7%8A%B6
631,豊臣秀吉,神功皇后,https://ja.wikipedia.org/wiki/%E7%A5%9E%E5%8A%9F%E7%9A%87%E5%90%8E
632,豊臣秀吉,孝謙天皇,https://ja.wikipedia.org/wiki/%E5%AD%9D%E8%AC%99%E5%A4%A9%E7%9A%87
633,豊臣秀吉,琉球王国,https://ja.wikipedia.org/wiki/%E7%90%89%E7%90%83%E7%8E%8B%E5%9B%BD
634,豊臣秀吉,氏,https://ja.wikipedia.org/wiki/%E6%B0%8F
635,豊臣秀吉,浄瑠璃,https://ja.wikipedia.org/wiki/%E6%B5%84%E7%91%A0%E7%92%83
636,豊臣秀吉,歌舞伎,https://ja.wikipedia.org/wiki/%E6%AD%8C%E8%88%9E%E4%BC%8E
637,豊臣秀吉,絵本太功記,https://ja.wikipedia.org/wiki/%E7%B5%B5%E6%9C%AC%E5%A4%AA%E5%8A%9F%E8%A8%98
638,豊臣秀吉,1868年,https://ja.wikipedia.org/wiki/1868%E5%B9%B4
639,豊臣秀吉,鳥羽・伏見の戦い,https://ja.wikipedia.org/wiki/%E9%B3%A5%E7%BE%BD%E3%83%BB%E4%BC%8F%E8%A6%8B%E3%81%AE%E6%88%A6%E3%81%84
640,豊臣秀吉,朝鮮半島,https://ja.wikipedia.org/wiki/%E6%9C%9D%E9%AE%AE%E5%8D%8A%E5%B3%B6
641,豊臣秀吉,徳川秀忠,https://ja.wikipedia.org/wiki/%E5%BE%B3%E5%B7%9D%E7%A7%80%E5%BF%A0
642,豊臣秀吉,南殿,https://ja.wikipedia.org/wiki/%E5%8D%97%E6%AE%BF
643,豊臣秀吉,千姫,https://ja.wikipedia.org/wiki/%E5%8D%83%E5%A7%AB
644,豊臣秀吉,豊臣国松,https://ja.wikipedia.org/wiki/%E8%B1%8A%E8%87%A3%E5%9B%BD%E6%9D%BE
645,豊臣秀吉,天秀尼,https://ja.wikipedia.org/wiki/%E5%A4%A9%E7%A7%80%E5%B0%BC
646,豊臣秀吉,浅井家,https://ja.wikipedia.org/wiki/%E6%B5%85%E4%BA%95%E5%AE%B6
647,豊臣秀吉,南の局,https://ja.wikipedia.org/wiki/%E5%8D%97%E3%81%AE%E5%B1%80
648,豊臣秀吉,京極竜子,https://ja.wikipedia.org/wiki/%E4%BA%AC%E6%A5%B5%E7%AB%9C%E5%AD%90
649,豊臣秀吉,京極高吉,https://ja.wikipedia.org/wiki/%E4%BA%AC%E6%A5%B5%E9%AB%98%E5%90%89
650,豊臣秀吉,摩阿姫,https://ja.wikipedia.org/wiki/%E6%91%A9%E9%98%BF%E5%A7%AB
651,豊臣秀吉,甲斐姫,https://ja.wikipedia.org/wiki/%E7%94%B2%E6%96%90%E5%A7%AB
652,豊臣秀吉,成田氏長,https://ja.wikipedia.org/wiki/%E6%88%90%E7%94%B0%E6%B0%8F%E9%95%B7
653,豊臣秀吉,三の丸殿,https://ja.wikipedia.org/wiki/%E4%B8%89%E3%81%AE%E4%B8%B8%E6%AE%BF
654,豊臣秀吉,蒲生賢秀,https://ja.wikipedia.org/wiki/%E8%92%B2%E7%94%9F%E8%B3%A2%E7%A7%80
655,豊臣秀吉,姫路殿,https://ja.wikipedia.org/wiki/%E5%A7%AB%E8%B7%AF%E6%AE%BF
656,豊臣秀吉,広沢局,https://ja.wikipedia.org/wiki/%E5%BA%83%E6%B2%A2%E5%B1%80
657,豊臣秀吉,月桂院,https://ja.wikipedia.org/wiki/%E6%9C%88%E6%A1%82%E9%99%A2
658,豊臣秀吉,足利頼純,https://ja.wikipedia.org/wiki/%E8%B6%B3%E5%88%A9%E9%A0%BC%E7%B4%94
659,豊臣秀吉,円融院,https://ja.wikipedia.org/wiki/%E5%86%86%E8%9E%8D%E9%99%A2
660,豊臣秀吉,新書太閤記,https://ja.wikipedia.org/wiki/%E6%96%B0%E6%9B%B8%E5%A4%AA%E9%96%A4%E8%A8%98
661,豊臣秀吉,朝日殿,https://ja.wikipedia.org/wiki/%E6%9C%9D%E6%97%A5%E6%AE%BF
662,豊臣秀吉,池田輝政,https://ja.wikipedia.org/wiki/%E6%B1%A0%E7%94%B0%E8%BC%9D%E6%94%BF
663,豊臣秀吉,木下家定,https://ja.wikipedia.org/wiki/%E6%9C%A8%E4%B8%8B%E5%AE%B6%E5%AE%9A
664,豊臣秀吉,大谷吉継,https://ja.wikipedia.org/wiki/%E5%A4%A7%E8%B0%B7%E5%90%89%E7%B6%99
665,豊臣秀吉,真田信繁,https://ja.wikipedia.org/wiki/%E7%9C%9F%E7%94%B0%E4%BF%A1%E7%B9%81
666,豊臣秀吉,毛利秀元,https://ja.wikipedia.org/wiki/%E6%AF%9B%E5%88%A9%E7%A7%80%E5%85%83
667,豊臣秀吉,常高院,https://ja.wikipedia.org/wiki/%E5%B8%B8%E9%AB%98%E9%99%A2
668,豊臣秀吉,佐治一成,https://ja.wikipedia.org/wiki/%E4%BD%90%E6%B2%BB%E4%B8%80%E6%88%90
669,豊臣秀吉,黒田長政,https://ja.wikipedia.org/wiki/%E9%BB%92%E7%94%B0%E9%95%B7%E6%94%BF
670,豊臣秀吉,吉川広家,https://ja.wikipedia.org/wiki/%E5%90%89%E5%B7%9D%E5%BA%83%E5%AE%B6
671,豊臣秀吉,桂宮,https://ja.wikipedia.org/wiki/%E6%A1%82%E5%AE%AE
672,豊臣秀吉,伊達秀宗,https://ja.wikipedia.org/wiki/%E4%BC%8A%E9%81%94%E7%A7%80%E5%AE%97
673,豊臣秀吉,女御,https://ja.wikipedia.org/wiki/%E5%A5%B3%E5%BE%A1
674,豊臣秀吉,浅野長政,https://ja.wikipedia.org/wiki/%E6%B5%85%E9%87%8E%E9%95%B7%E6%94%BF
675,豊臣秀吉,堀尾吉晴,https://ja.wikipedia.org/wiki/%E5%A0%80%E5%B0%BE%E5%90%89%E6%99%B4
676,豊臣秀吉,中村一氏,https://ja.wikipedia.org/wiki/%E4%B8%AD%E6%9D%91%E4%B8%80%E6%B0%8F
677,豊臣秀吉,樋口直房,https://ja.wikipedia.org/wiki/%E6%A8%8B%E5%8F%A3%E7%9B%B4%E6%88%BF
678,豊臣秀吉,片桐且元,https://ja.wikipedia.org/wiki/%E7%89%87%E6%A1%90%E4%B8%94%E5%85%83
679,豊臣秀吉,加藤清正,https://ja.wikipedia.org/wiki/%E5%8A%A0%E8%97%A4%E6%B8%85%E6%AD%A3
680,豊臣秀吉,加藤嘉明,https://ja.wikipedia.org/wiki/%E5%8A%A0%E8%97%A4%E5%98%89%E6%98%8E
681,豊臣秀吉,平野長泰,https://ja.wikipedia.org/wiki/%E5%B9%B3%E9%87%8E%E9%95%B7%E6%B3%B0
682,豊臣秀吉,糟屋武則,https://ja.wikipedia.org/wiki/%E7%B3%9F%E5%B1%8B%E6%AD%A6%E5%89%87
683,豊臣秀吉,賤ヶ岳の戦い,https://ja.wikipedia.org/wiki/%E8%B3%A4%E3%83%B6%E5%B2%B3%E3%81%AE%E6%88%A6%E3%81%84#賤ヶ岳の七本槍
684,豊臣秀吉,山鹿素行,https://ja.wikipedia.org/wiki/%E5%B1%B1%E9%B9%BF%E7%B4%A0%E8%A1%8C
685,豊臣秀吉,武家事紀,https://ja.wikipedia.org/wiki/%E6%AD%A6%E5%AE%B6%E4%BA%8B%E7%B4%80
686,豊臣秀吉,宮田光次,https://ja.wikipedia.org/wiki/%E5%AE%AE%E7%94%B0%E5%85%89%E6%AC%A1
687,豊臣秀吉,神子田正治,https://ja.wikipedia.org/wiki/%E7%A5%9E%E5%AD%90%E7%94%B0%E6%AD%A3%E6%B2%BB
688,豊臣秀吉,尾藤知宣,https://ja.wikipedia.org/wiki/%E5%B0%BE%E8%97%A4%E7%9F%A5%E5%AE%A3
689,豊臣秀吉,戸田勝隆,https://ja.wikipedia.org/wiki/%E6%88%B8%E7%94%B0%E5%8B%9D%E9%9A%86
690,豊臣秀吉,三中老,https://ja.wikipedia.org/wiki/%E4%B8%89%E4%B8%AD%E8%80%81
691,豊臣秀吉,関ヶ原の戦い,https://ja.wikipedia.org/wiki/%E9%96%A2%E3%83%B6%E5%8E%9F%E3%81%AE%E6%88%A6%E3%81%84
692,豊臣秀吉,生駒親正,https://ja.wikipedia.org/wiki/%E7%94%9F%E9%A7%92%E8%A6%AA%E6%AD%A3
693,豊臣秀吉,寺西正勝,https://ja.wikipedia.org/wiki/%E5%AF%BA%E8%A5%BF%E6%AD%A3%E5%8B%9D
694,豊臣秀吉,毛利勝信,https://ja.wikipedia.org/wiki/%E6%AF%9B%E5%88%A9%E5%8B%9D%E4%BF%A1
695,豊臣秀吉,堀田一継,https://ja.wikipedia.org/wiki/%E5%A0%80%E7%94%B0%E4%B8%80%E7%B6%99
696,豊臣秀吉,佐々行政,https://ja.wikipedia.org/wiki/%E4%BD%90%E3%80%85%E8%A1%8C%E6%94%BF
697,豊臣秀吉,石田正澄,https://ja.wikipedia.org/wiki/%E7%9F%B3%E7%94%B0%E6%AD%A3%E6%BE%84
698,豊臣秀吉,片桐貞隆,https://ja.wikipedia.org/wiki/%E7%89%87%E6%A1%90%E8%B2%9E%E9%9A%86
699,豊臣秀吉,石川光元,https://ja.wikipedia.org/wiki/%E7%9F%B3%E5%B7%9D%E5%85%89%E5%85%83
700,豊臣秀吉,山中長俊,https://ja.wikipedia.org/wiki/%E5%B1%B1%E4%B8%AD%E9%95%B7%E4%BF%8A
701,豊臣秀吉,木下延重,https://ja.wikipedia.org/wiki/%E6%9C%A8%E4%B8%8B%E5%BB%B6%E9%87%8D
702,豊臣秀吉,参謀,https://ja.wikipedia.org/wiki/%E5%8F%82%E8%AC%80
703,豊臣秀吉,両兵衛,https://ja.wikipedia.org/wiki/%E4%B8%A1%E5%85%B5%E8%A1%9B
704,豊臣秀吉,豊臣秀保,https://ja.wikipedia.org/wiki/%E8%B1%8A%E8%87%A3%E7%A7%80%E4%BF%9D
705,豊臣秀吉,杉原家次,https://ja.wikipedia.org/wiki/%E6%9D%89%E5%8E%9F%E5%AE%B6%E6%AC%A1
706,豊臣秀吉,木下勝俊,https://ja.wikipedia.org/wiki/%E6%9C%A8%E4%B8%8B%E5%8B%9D%E4%BF%8A
707,豊臣秀吉,青木一矩,https://ja.wikipedia.org/wiki/%E9%9D%92%E6%9C%A8%E4%B8%80%E7%9F%A9
708,豊臣秀吉,杉原長房,https://ja.wikipedia.org/wiki/%E6%9D%89%E5%8E%9F%E9%95%B7%E6%88%BF
709,豊臣秀吉,桜井家一,https://ja.wikipedia.org/wiki/%E6%A1%9C%E4%BA%95%E5%AE%B6%E4%B8%80
710,豊臣秀吉,石川一光,https://ja.wikipedia.org/wiki/%E7%9F%B3%E5%B7%9D%E4%B8%80%E5%85%89
711,豊臣秀吉,七将,https://ja.wikipedia.org/wiki/%E4%B8%83%E5%B0%86
712,豊臣秀吉,浅野幸長,https://ja.wikipedia.org/wiki/%E6%B5%85%E9%87%8E%E5%B9%B8%E9%95%B7
713,豊臣秀吉,蜂須賀家政,https://ja.wikipedia.org/wiki/%E8%9C%82%E9%A0%88%E8%B3%80%E5%AE%B6%E6%94%BF
714,豊臣秀吉,一柳直末,https://ja.wikipedia.org/wiki/%E4%B8%80%E6%9F%B3%E7%9B%B4%E6%9C%AB
715,豊臣秀吉,田中吉政,https://ja.wikipedia.org/wiki/%E7%94%B0%E4%B8%AD%E5%90%89%E6%94%BF
716,豊臣秀吉,木村定重,https://ja.wikipedia.org/wiki/%E6%9C%A8%E6%9D%91%E5%AE%9A%E9%87%8D
717,豊臣秀吉,小出吉政,https://ja.wikipedia.org/wiki/%E5%B0%8F%E5%87%BA%E5%90%89%E6%94%BF
718,豊臣秀吉,亀井茲矩,https://ja.wikipedia.org/wiki/%E4%BA%80%E4%BA%95%E8%8C%B2%E7%9F%A9
719,豊臣秀吉,谷衛友,https://ja.wikipedia.org/wiki/%E8%B0%B7%E8%A1%9B%E5%8F%8B
720,豊臣秀吉,寺沢広高,https://ja.wikipedia.org/wiki/%E5%AF%BA%E6%B2%A2%E5%BA%83%E9%AB%98
721,豊臣秀吉,新庄直頼,https://ja.wikipedia.org/wiki/%E6%96%B0%E5%BA%84%E7%9B%B4%E9%A0%BC
722,豊臣秀吉,斎村政広,https://ja.wikipedia.org/wiki/%E6%96%8E%E6%9D%91%E6%94%BF%E5%BA%83
723,豊臣秀吉,別所重宗,https://ja.wikipedia.org/wiki/%E5%88%A5%E6%89%80%E9%87%8D%E5%AE%97
724,豊臣秀吉,織田長益,https://ja.wikipedia.org/wiki/%E7%B9%94%E7%94%B0%E9%95%B7%E7%9B%8A
725,豊臣秀吉,織田信秀 (侍従),https://ja.wikipedia.org/wiki/%E7%B9%94%E7%94%B0%E4%BF%A1%E7%A7%80_(%E4%BE%8D%E5%BE%93)
726,豊臣秀吉,織田信高,https://ja.wikipedia.org/wiki/%E7%B9%94%E7%94%B0%E4%BF%A1%E9%AB%98
727,豊臣秀吉,蜂屋頼隆,https://ja.wikipedia.org/wiki/%E8%9C%82%E5%B1%8B%E9%A0%BC%E9%9A%86
728,豊臣秀吉,長谷川秀一,https://ja.wikipedia.org/wiki/%E9%95%B7%E8%B0%B7%E5%B7%9D%E7%A7%80%E4%B8%80
729,豊臣秀吉,長谷川与次,https://ja.wikipedia.org/wiki/%E9%95%B7%E8%B0%B7%E5%B7%9D%E4%B8%8E%E6%AC%A1
730,豊臣秀吉,日根野弘就,https://ja.wikipedia.org/wiki/%E6%97%A5%E6%A0%B9%E9%87%8E%E5%BC%98%E5%B0%B1
731,豊臣秀吉,日根野盛就,https://ja.wikipedia.org/wiki/%E6%97%A5%E6%A0%B9%E9%87%8E%E7%9B%9B%E5%B0%B1
732,豊臣秀吉,長谷川宗仁,https://ja.wikipedia.org/wiki/%E9%95%B7%E8%B0%B7%E5%B7%9D%E5%AE%97%E4%BB%81
733,豊臣秀吉,矢部家定,https://ja.wikipedia.org/wiki/%E7%9F%A2%E9%83%A8%E5%AE%B6%E5%AE%9A
734,豊臣秀吉,建部寿徳,https://ja.wikipedia.org/wiki/%E5%BB%BA%E9%83%A8%E5%AF%BF%E5%BE%B3
735,豊臣秀吉,市橋長利,https://ja.wikipedia.org/wiki/%E5%B8%82%E6%A9%8B%E9%95%B7%E5%88%A9
736,豊臣秀吉,伊東長久,https://ja.wikipedia.org/wiki/%E4%BC%8A%E6%9D%B1%E9%95%B7%E4%B9%85
737,豊臣秀吉,堀内氏善,https://ja.wikipedia.org/wiki/%E5%A0%80%E5%86%85%E6%B0%8F%E5%96%84
738,豊臣秀吉,毛利秀頼,https://ja.wikipedia.org/wiki/%E6%AF%9B%E5%88%A9%E7%A7%80%E9%A0%BC
739,豊臣秀吉,猪子一時,https://ja.wikipedia.org/wiki/%E7%8C%AA%E5%AD%90%E4%B8%80%E6%99%82
740,豊臣秀吉,黄母衣衆,https://ja.wikipedia.org/wiki/%E9%BB%84%E6%AF%8D%E8%A1%A3%E8%A1%86
741,豊臣秀吉,青木一重,https://ja.wikipedia.org/wiki/%E9%9D%92%E6%9C%A8%E4%B8%80%E9%87%8D
742,豊臣秀吉,伊木遠雄,https://ja.wikipedia.org/wiki/%E4%BC%8A%E6%9C%A8%E9%81%A0%E9%9B%84
743,豊臣秀吉,石尾治一,https://ja.wikipedia.org/wiki/%E7%9F%B3%E5%B0%BE%E6%B2%BB%E4%B8%80
744,豊臣秀吉,伊東長実,https://ja.wikipedia.org/wiki/%E4%BC%8A%E6%9D%B1%E9%95%B7%E5%AE%9F
745,豊臣秀吉,井上道勝,https://ja.wikipedia.org/wiki/%E4%BA%95%E4%B8%8A%E9%81%93%E5%8B%9D
746,豊臣秀吉,小野木重勝,https://ja.wikipedia.org/wiki/%E5%B0%8F%E9%87%8E%E6%9C%A8%E9%87%8D%E5%8B%9D
747,豊臣秀吉,郡宗保,https://ja.wikipedia.org/wiki/%E9%83%A1%E5%AE%97%E4%BF%9D
748,豊臣秀吉,津田信任,https://ja.wikipedia.org/wiki/%E6%B4%A5%E7%94%B0%E4%BF%A1%E4%BB%BB
749,豊臣秀吉,中島氏種,https://ja.wikipedia.org/wiki/%E4%B8%AD%E5%B3%B6%E6%B0%8F%E7%A8%AE
750,豊臣秀吉,野々村雅春,https://ja.wikipedia.org/wiki/%E9%87%8E%E3%80%85%E6%9D%91%E9%9B%85%E6%98%A5
751,豊臣秀吉,服部一忠,https://ja.wikipedia.org/wiki/%E6%9C%8D%E9%83%A8%E4%B8%80%E5%BF%A0
752,豊臣秀吉,速水守久,https://ja.wikipedia.org/wiki/%E9%80%9F%E6%B0%B4%E5%AE%88%E4%B9%85
753,豊臣秀吉,三好房一,https://ja.wikipedia.org/wiki/%E4%B8%89%E5%A5%BD%E6%88%BF%E4%B8%80
754,豊臣秀吉,森可政,https://ja.wikipedia.org/wiki/%E6%A3%AE%E5%8F%AF%E6%94%BF
755,豊臣秀吉,分部光嘉,https://ja.wikipedia.org/wiki/%E5%88%86%E9%83%A8%E5%85%89%E5%98%89
756,豊臣秀吉,七手組,https://ja.wikipedia.org/wiki/%E4%B8%83%E6%89%8B%E7%B5%84
757,豊臣秀吉,堀田盛重,https://ja.wikipedia.org/wiki/%E5%A0%80%E7%94%B0%E7%9B%9B%E9%87%8D
758,豊臣秀吉,真野頼包,https://ja.wikipedia.org/wiki/%E7%9C%9F%E9%87%8E%E9%A0%BC%E5%8C%85
759,豊臣秀吉,小西行長,https://ja.wikipedia.org/wiki/%E5%B0%8F%E8%A5%BF%E8%A1%8C%E9%95%B7
760,豊臣秀吉,松浦秀任,https://ja.wikipedia.org/wiki/%E6%9D%BE%E6%B5%A6%E7%A7%80%E4%BB%BB
761,豊臣秀吉,織田秀雄,https://ja.wikipedia.org/wiki/%E7%B9%94%E7%94%B0%E7%A7%80%E9%9B%84
762,豊臣秀吉,蒲生秀行 (侍従),https://ja.wikipedia.org/wiki/%E8%92%B2%E7%94%9F%E7%A7%80%E8%A1%8C_(%E4%BE%8D%E5%BE%93)
763,豊臣秀吉,毛利秀包,https://ja.wikipedia.org/wiki/%E6%AF%9B%E5%88%A9%E7%A7%80%E5%8C%85
764,豊臣秀吉,堀秀治,https://ja.wikipedia.org/wiki/%E5%A0%80%E7%A7%80%E6%B2%BB
765,豊臣秀吉,毛利秀就,https://ja.wikipedia.org/wiki/%E6%AF%9B%E5%88%A9%E7%A7%80%E5%B0%B1
766,豊臣秀吉,大坂の陣,https://ja.wikipedia.org/wiki/%E5%A4%A7%E5%9D%82%E3%81%AE%E9%99%A3
767,豊臣秀吉,宝厳寺,https://ja.wikipedia.org/wiki/%E5%AE%9D%E5%8E%B3%E5%AF%BA
768,豊臣秀吉,都久夫須麻神社,https://ja.wikipedia.org/wiki/%E9%83%BD%E4%B9%85%E5%A4%AB%E9%A0%88%E9%BA%BB%E7%A5%9E%E7%A4%BE
769,豊臣秀吉,日光東照宮,https://ja.wikipedia.org/wiki/%E6%97%A5%E5%85%89%E6%9D%B1%E7%85%A7%E5%AE%AE
770,豊臣秀吉,黒田長成,https://ja.wikipedia.org/wiki/%E9%BB%92%E7%94%B0%E9%95%B7%E6%88%90
771,豊臣秀吉,豊国神社 (曖昧さ回避),https://ja.wikipedia.org/wiki/%E8%B1%8A%E5%9B%BD%E7%A5%9E%E7%A4%BE_(%E6%9B%96%E6%98%A7%E3%81%95%E5%9B%9E%E9%81%BF)
772,豊臣秀吉,豊國神社 (大阪市),https://ja.wikipedia.org/wiki/%E8%B1%8A%E5%9C%8B%E7%A5%9E%E7%A4%BE_(%E5%A4%A7%E9%98%AA%E5%B8%82)
773,豊臣秀吉,豊国神社 (金沢市),https://ja.wikipedia.org/wiki/%E8%B1%8A%E5%9B%BD%E7%A5%9E%E7%A4%BE_(%E9%87%91%E6%B2%A2%E5%B8%82)
774,豊臣秀吉,豊国神社 (長浜市),https://ja.wikipedia.org/wiki/%E8%B1%8A%E5%9B%BD%E7%A5%9E%E7%A4%BE_(%E9%95%B7%E6%B5%9C%E5%B8%82)
775,豊臣秀吉,豊国神社 (名古屋市),https://ja.wikipedia.org/wiki/%E8%B1%8A%E5%9B%BD%E7%A5%9E%E7%A4%BE_(%E5%90%8D%E5%8F%A4%E5%B1%8B%E5%B8%82)
776,豊臣秀吉,豊国神社 (小松島市),https://ja.wikipedia.org/wiki/%E8%B1%8A%E5%9B%BD%E7%A5%9E%E7%A4%BE_(%E5%B0%8F%E6%9D%BE%E5%B3%B6%E5%B8%82)
777,豊臣秀吉,金剛峯寺,https://ja.wikipedia.org/wiki/%E9%87%91%E5%89%9B%E5%B3%AF%E5%AF%BA#奥之院
778,豊臣秀吉,北政所,https://ja.wikipedia.org/wiki/%E5%8C%97%E6%94%BF%E6%89%80
779,豊臣秀吉,西方寺,https://ja.wikipedia.org/wiki/%E8%A5%BF%E6%96%B9%E5%AF%BA
780,豊臣秀吉,慶応,https://ja.wikipedia.org/wiki/%E6%85%B6%E5%BF%9C
781,豊臣秀吉,昭和時代,https://ja.wikipedia.org/wiki/%E6%98%AD%E5%92%8C%E6%99%82%E4%BB%A3
782,豊臣秀吉,柳沢元政,https://ja.wikipedia.org/wiki/%E6%9F%B3%E6%B2%A2%E5%85%83%E6%94%BF
783,豊臣秀吉,吉川英治,https://ja.wikipedia.org/wiki/%E5%90%89%E5%B7%9D%E8%8B%B1%E6%B2%BB
784,豊臣秀吉,山岡荘八,https://ja.wikipedia.org/wiki/%E5%B1%B1%E5%B2%A1%E8%8D%98%E5%85%AB
785,豊臣秀吉,海音寺潮五郎,https://ja.wikipedia.org/wiki/%E6%B5%B7%E9%9F%B3%E5%AF%BA%E6%BD%AE%E4%BA%94%E9%83%8E
786,豊臣秀吉,新史太閤記,https://ja.wikipedia.org/wiki/%E6%96%B0%E5%8F%B2%E5%A4%AA%E9%96%A4%E8%A8%98
787,豊臣秀吉,司馬遼太郎,https://ja.wikipedia.org/wiki/%E5%8F%B8%E9%A6%AC%E9%81%BC%E5%A4%AA%E9%83%8E
788,豊臣秀吉,山田風太郎,https://ja.wikipedia.org/wiki/%E5%B1%B1%E7%94%B0%E9%A2%A8%E5%A4%AA%E9%83%8E
789,豊臣秀吉,津本陽,https://ja.wikipedia.org/wiki/%E6%B4%A5%E6%9C%AC%E9%99%BD
790,豊臣秀吉,堺屋太一,https://ja.wikipedia.org/wiki/%E5%A0%BA%E5%B1%8B%E5%A4%AA%E4%B8%80
791,豊臣秀吉,野上彌生子,https://ja.wikipedia.org/wiki/%E9%87%8E%E4%B8%8A%E5%BD%8C%E7%94%9F%E5%AD%90
792,豊臣秀吉,加藤廣,https://ja.wikipedia.org/wiki/%E5%8A%A0%E8%97%A4%E5%BB%A3
793,豊臣秀吉,伊東潤,https://ja.wikipedia.org/wiki/%E4%BC%8A%E6%9D%B1%E6%BD%A4
794,豊臣秀吉,横山光輝,https://ja.wikipedia.org/wiki/%E6%A8%AA%E5%B1%B1%E5%85%89%E8%BC%9D
795,豊臣秀吉,久松文雄,https://ja.wikipedia.org/wiki/%E4%B9%85%E6%9D%BE%E6%96%87%E9%9B%84
796,豊臣秀吉,小島剛夕,https://ja.wikipedia.org/wiki/%E5%B0%8F%E5%B3%B6%E5%89%9B%E5%A4%95
797,豊臣秀吉,樋口清之,https://ja.wikipedia.org/wiki/%E6%A8%8B%E5%8F%A3%E6%B8%85%E4%B9%8B
798,豊臣秀吉,さいとう・たかを,https://ja.wikipedia.org/wiki/%E3%81%95%E3%81%84%E3%81%A8%E3%81%86%E3%83%BB%E3%81%9F%E3%81%8B%E3%82%92
799,豊臣秀吉,土山しげる,https://ja.wikipedia.org/wiki/%E5%9C%9F%E5%B1%B1%E3%81%97%E3%81%92%E3%82%8B
800,豊臣秀吉,旧劇 太功記十段目 尼ヶ崎の段,https://ja.wikipedia.org/wiki/%E6%97%A7%E5%8A%87_%E5%A4%AA%E5%8A%9F%E8%A8%98%E5%8D%81%E6%AE%B5%E7%9B%AE_%E5%B0%BC%E3%83%B6%E5%B4%8E%E3%81%AE%E6%AE%B5
801,豊臣秀吉,M・パテー商会,https://ja.wikipedia.org/wiki/M%E3%83%BB%E3%83%91%E3%83%86%E3%83%BC%E5%95%86%E4%BC%9A
802,豊臣秀吉,尾上松之助,https://ja.wikipedia.org/wiki/%E5%B0%BE%E4%B8%8A%E6%9D%BE%E4%B9%8B%E5%8A%A9
803,豊臣秀吉,澤村四郎五郎 (5代目),https://ja.wikipedia.org/wiki/%E6%BE%A4%E6%9D%91%E5%9B%9B%E9%83%8E%E4%BA%94%E9%83%8E_(5%E4%BB%A3%E7%9B%AE)
804,豊臣秀吉,嵐璃徳,https://ja.wikipedia.org/wiki/%E5%B5%90%E7%92%83%E5%BE%B3
805,豊臣秀吉,松尾文人,https://ja.wikipedia.org/wiki/%E6%9D%BE%E5%B0%BE%E6%96%87%E4%BA%BA
806,豊臣秀吉,片岡左衛門,https://ja.wikipedia.org/wiki/%E7%89%87%E5%B2%A1%E5%B7%A6%E8%A1%9B%E9%96%80
807,豊臣秀吉,実川延松,https://ja.wikipedia.org/wiki/%E5%AE%9F%E5%B7%9D%E5%BB%B6%E6%9D%BE
808,豊臣秀吉,綾小路絃三郎,https://ja.wikipedia.org/wiki/%E7%B6%BE%E5%B0%8F%E8%B7%AF%E7%B5%83%E4%B8%89%E9%83%8E
809,豊臣秀吉,河津清三郎,https://ja.wikipedia.org/wiki/%E6%B2%B3%E6%B4%A5%E6%B8%85%E4%B8%89%E9%83%8E
810,豊臣秀吉,河部五郎,https://ja.wikipedia.org/wiki/%E6%B2%B3%E9%83%A8%E4%BA%94%E9%83%8E
811,豊臣秀吉,太閤記 藤吉郎出世飛躍の巻,https://ja.wikipedia.org/wiki/%E5%A4%AA%E9%96%A4%E8%A8%98_%E8%97%A4%E5%90%89%E9%83%8E%E5%87%BA%E4%B8%96%E9%A3%9B%E8%BA%8D%E3%81%AE%E5%B7%BB
812,豊臣秀吉,嵐寛寿郎,https://ja.wikipedia.org/wiki/%E5%B5%90%E5%AF%9B%E5%AF%BF%E9%83%8E
813,豊臣秀吉,藤井貢,https://ja.wikipedia.org/wiki/%E8%97%A4%E4%BA%95%E8%B2%A2
814,豊臣秀吉,凸凹太閤記,https://ja.wikipedia.org/wiki/%E5%87%B8%E5%87%B9%E5%A4%AA%E9%96%A4%E8%A8%98
815,豊臣秀吉,大映,https://ja.wikipedia.org/wiki/%E5%A4%A7%E6%98%A0
816,豊臣秀吉,加戸敏,https://ja.wikipedia.org/wiki/%E5%8A%A0%E6%88%B8%E6%95%8F
817,豊臣秀吉,森繁久彌,https://ja.wikipedia.org/wiki/%E6%A3%AE%E7%B9%81%E4%B9%85%E5%BD%8C
818,豊臣秀吉,市川右太衛門,https://ja.wikipedia.org/wiki/%E5%B8%82%E5%B7%9D%E5%8F%B3%E5%A4%AA%E8%A1%9B%E9%96%80
819,豊臣秀吉,林成年,https://ja.wikipedia.org/wiki/%E6%9E%97%E6%88%90%E5%B9%B4
820,豊臣秀吉,高田浩吉,https://ja.wikipedia.org/wiki/%E9%AB%98%E7%94%B0%E6%B5%A9%E5%90%89
821,豊臣秀吉,ホラ吹き太閤記,https://ja.wikipedia.org/wiki/%E3%83%9B%E3%83%A9%E5%90%B9%E3%81%8D%E5%A4%AA%E9%96%A4%E8%A8%98
822,豊臣秀吉,古沢憲吾,https://ja.wikipedia.org/wiki/%E5%8F%A4%E6%B2%A2%E6%86%B2%E5%90%BE
823,豊臣秀吉,植木等,https://ja.wikipedia.org/wiki/%E6%A4%8D%E6%9C%A8%E7%AD%89
824,豊臣秀吉,清須会議 (小説),https://ja.wikipedia.org/wiki/%E6%B8%85%E9%A0%88%E4%BC%9A%E8%AD%B0_(%E5%B0%8F%E8%AA%AC)
825,豊臣秀吉,三谷幸喜,https://ja.wikipedia.org/wiki/%E4%B8%89%E8%B0%B7%E5%B9%B8%E5%96%9C
826,豊臣秀吉,大泉洋,https://ja.wikipedia.org/wiki/%E5%A4%A7%E6%B3%89%E6%B4%8B
827,豊臣秀吉,あまから太閤記,https://ja.wikipedia.org/wiki/%E3%81%82%E3%81%BE%E3%81%8B%E3%82%89%E5%A4%AA%E9%96%A4%E8%A8%98
828,豊臣秀吉,白木みのる,https://ja.wikipedia.org/wiki/%E7%99%BD%E6%9C%A8%E3%81%BF%E3%81%AE%E3%82%8B
829,豊臣秀吉,太閤記 (NHK大河ドラマ),https://ja.wikipedia.org/wiki/%E5%A4%AA%E9%96%A4%E8%A8%98_(NHK%E5%A4%A7%E6%B2%B3%E3%83%89%E3%83%A9%E3%83%9E)
830,豊臣秀吉,NHK大河ドラマ,https://ja.wikipedia.org/wiki/NHK%E5%A4%A7%E6%B2%B3%E3%83%89%E3%83%A9%E3%83%9E
831,豊臣秀吉,緒形拳,https://ja.wikipedia.org/wiki/%E7%B7%92%E5%BD%A2%E6%8B%B3
832,豊臣秀吉,青春太閤記 いまにみておれ!,https://ja.wikipedia.org/wiki/%E9%9D%92%E6%98%A5%E5%A4%AA%E9%96%A4%E8%A8%98_%E3%81%84%E3%81%BE%E3%81%AB%E3%81%BF%E3%81%A6%E3%81%8A%E3%82%8C!
833,豊臣秀吉,なべおさみ,https://ja.wikipedia.org/wiki/%E3%81%AA%E3%81%B9%E3%81%8A%E3%81%95%E3%81%BF
834,豊臣秀吉,山口崇,https://ja.wikipedia.org/wiki/%E5%B1%B1%E5%8F%A3%E5%B4%87
835,豊臣秀吉,太閤記 (1987年のテレビドラマ),https://ja.wikipedia.org/wiki/%E5%A4%AA%E9%96%A4%E8%A8%98_(1987%E5%B9%B4%E3%81%AE%E3%83%86%E3%83%AC%E3%83%93%E3%83%89%E3%83%A9%E3%83%9E)
836,豊臣秀吉,TBS大型時代劇スペシャル,https://ja.wikipedia.org/wiki/TBS%E5%A4%A7%E5%9E%8B%E6%99%82%E4%BB%A3%E5%8A%87%E3%82%B9%E3%83%9A%E3%82%B7%E3%83%A3%E3%83%AB
837,豊臣秀吉,柴田恭兵,https://ja.wikipedia.org/wiki/%E6%9F%B4%E7%94%B0%E6%81%AD%E5%85%B5
838,豊臣秀吉,天下を獲った男 豊臣秀吉,https://ja.wikipedia.org/wiki/%E5%A4%A9%E4%B8%8B%E3%82%92%E7%8D%B2%E3%81%A3%E3%81%9F%E7%94%B7_%E8%B1%8A%E8%87%A3%E7%A7%80%E5%90%89
839,豊臣秀吉,柳葉敏郎,https://ja.wikipedia.org/wiki/%E6%9F%B3%E8%91%89%E6%95%8F%E9%83%8E
840,豊臣秀吉,豊臣秀吉 天下を獲る!,https://ja.wikipedia.org/wiki/%E8%B1%8A%E8%87%A3%E7%A7%80%E5%90%89_%E5%A4%A9%E4%B8%8B%E3%82%92%E7%8D%B2%E3%82%8B!
841,豊臣秀吉,新春ワイド時代劇,https://ja.wikipedia.org/wiki/%E6%96%B0%E6%98%A5%E3%83%AF%E3%82%A4%E3%83%89%E6%99%82%E4%BB%A3%E5%8A%87
842,豊臣秀吉,中村勘三郎 (18代目),https://ja.wikipedia.org/wiki/%E4%B8%AD%E6%9D%91%E5%8B%98%E4%B8%89%E9%83%8E_(18%E4%BB%A3%E7%9B%AE)
843,豊臣秀吉,秀吉 (NHK大河ドラマ),https://ja.wikipedia.org/wiki/%E7%A7%80%E5%90%89_(NHK%E5%A4%A7%E6%B2%B3%E3%83%89%E3%83%A9%E3%83%9E)
844,豊臣秀吉,竹中直人,https://ja.wikipedia.org/wiki/%E7%AB%B9%E4%B8%AD%E7%9B%B4%E4%BA%BA
845,豊臣秀吉,太閤記 サルと呼ばれた男,https://ja.wikipedia.org/wiki/%E5%A4%AA%E9%96%A4%E8%A8%98_%E3%82%B5%E3%83%AB%E3%81%A8%E5%91%BC%E3%81%B0%E3%82%8C%E3%81%9F%E7%94%B7
846,豊臣秀吉,草彅剛,https://ja.wikipedia.org/wiki/%E8%8D%89%E5%BD%85%E5%89%9B
847,豊臣秀吉,太閤記〜天下を獲った男・秀吉,https://ja.wikipedia.org/wiki/%E5%A4%AA%E9%96%A4%E8%A8%98%E3%80%9C%E5%A4%A9%E4%B8%8B%E3%82%92%E7%8D%B2%E3%81%A3%E3%81%9F%E7%94%B7%E3%83%BB%E7%A7%80%E5%90%89
848,豊臣秀吉,中村橋之助 (3代目),https://ja.wikipedia.org/wiki/%E4%B8%AD%E6%9D%91%E6%A9%8B%E4%B9%8B%E5%8A%A9_(3%E4%BB%A3%E7%9B%AE)
849,豊臣秀吉,TEAM NACS,https://ja.wikipedia.org/wiki/TEAM_NACS
850,豊臣秀吉,WARRIOR〜唄い続ける侍ロマン,https://ja.wikipedia.org/wiki/WARRIOR%E3%80%9C%E5%94%84%E3%81%84%E7%B6%9A%E3%81%91%E3%82%8B%E4%BE%8D%E3%83%AD%E3%83%9E%E3%83%B3
851,豊臣秀吉,2012年,https://ja.wikipedia.org/wiki/2012%E5%B9%B4
852,豊臣秀吉,音尾琢真,https://ja.wikipedia.org/wiki/%E9%9F%B3%E5%B0%BE%E7%90%A2%E7%9C%9F
853,豊臣秀吉,ツクダホビー,https://ja.wikipedia.org/wiki/%E3%83%84%E3%82%AF%E3%83%80%E3%83%9B%E3%83%93%E3%83%BC
854,豊臣秀吉,太閤立志伝シリーズ,https://ja.wikipedia.org/wiki/%E5%A4%AA%E9%96%A4%E7%AB%8B%E5%BF%97%E4%BC%9D%E3%82%B7%E3%83%AA%E3%83%BC%E3%82%BA
855,豊臣秀吉,コーエー,https://ja.wikipedia.org/wiki/%E3%82%B3%E3%83%BC%E3%82%A8%E3%83%BC
856,豊臣秀吉,三波春夫,https://ja.wikipedia.org/wiki/%E4%B8%89%E6%B3%A2%E6%98%A5%E5%A4%AB
857,豊臣秀吉,2月2日,https://ja.wikipedia.org/wiki/2%E6%9C%882%E6%97%A5
858,豊臣秀吉,種子島,https://ja.wikipedia.org/wiki/%E7%A8%AE%E5%AD%90%E5%B3%B6
859,豊臣秀吉,鉄砲,https://ja.wikipedia.org/wiki/%E9%89%84%E7%A0%B2
860,豊臣秀吉,1543年,https://ja.wikipedia.org/wiki/1543%E5%B9%B4
861,豊臣秀吉,日本家紋研究会,https://ja.wikipedia.org/wiki/%E6%97%A5%E6%9C%AC%E5%AE%B6%E7%B4%8B%E7%A0%94%E7%A9%B6%E4%BC%9A
862,豊臣秀吉,高澤等,https://ja.wikipedia.org/wiki/%E9%AB%98%E6%BE%A4%E7%AD%89
863,豊臣秀吉,歴史読本,https://ja.wikipedia.org/wiki/%E6%AD%B4%E5%8F%B2%E8%AA%AD%E6%9C%AC
864,豊臣秀吉,小林久三,https://ja.wikipedia.org/wiki/%E5%B0%8F%E6%9E%97%E4%B9%85%E4%B8%89
865,豊臣秀吉,烏帽子親,https://ja.wikipedia.org/wiki/%E7%83%8F%E5%B8%BD%E5%AD%90%E8%A6%AA
866,豊臣秀吉,元服,https://ja.wikipedia.org/wiki/%E5%85%83%E6%9C%8D
867,豊臣秀吉,生駒吉乃,https://ja.wikipedia.org/wiki/%E7%94%9F%E9%A7%92%E5%90%89%E4%B9%83
868,豊臣秀吉,森家先代実録,https://ja.wikipedia.org/wiki/%E6%A3%AE%E5%AE%B6%E5%85%88%E4%BB%A3%E5%AE%9F%E9%8C%B2
869,豊臣秀吉,名古屋山三郎,https://ja.wikipedia.org/wiki/%E5%90%8D%E5%8F%A4%E5%B1%8B%E5%B1%B1%E4%B8%89%E9%83%8E
870,豊臣秀吉,森忠政,https://ja.wikipedia.org/wiki/%E6%A3%AE%E5%BF%A0%E6%94%BF
871,豊臣秀吉,川並衆,https://ja.wikipedia.org/wiki/%E5%B7%9D%E4%B8%A6%E8%A1%86
872,豊臣秀吉,三河物語,https://ja.wikipedia.org/wiki/%E4%B8%89%E6%B2%B3%E7%89%A9%E8%AA%9E
873,豊臣秀吉,武田信玄,https://ja.wikipedia.org/wiki/%E6%AD%A6%E7%94%B0%E4%BF%A1%E7%8E%84
874,豊臣秀吉,信松尼,https://ja.wikipedia.org/wiki/%E4%BF%A1%E6%9D%BE%E5%B0%BC
875,豊臣秀吉,大坂城,https://ja.wikipedia.org/wiki/%E5%A4%A7%E5%9D%82%E5%9F%8E#復興天守
876,豊臣秀吉,昭和,https://ja.wikipedia.org/wiki/%E6%98%AD%E5%92%8C
877,豊臣秀吉,名字,https://ja.wikipedia.org/wiki/%E5%90%8D%E5%AD%97
878,豊臣秀吉,公卿補任,https://ja.wikipedia.org/wiki/%E5%85%AC%E5%8D%BF%E8%A3%9C%E4%BB%BB
879,豊臣秀吉,兼見卿記,https://ja.wikipedia.org/wiki/%E5%85%BC%E8%A6%8B%E5%8D%BF%E8%A8%98
880,豊臣秀吉,即位式,https://ja.wikipedia.org/wiki/%E5%8D%B3%E4%BD%8D%E5%BC%8F
881,豊臣秀吉,足利義昭,https://ja.wikipedia.org/wiki/%E8%B6%B3%E5%88%A9%E7%BE%A9%E6%98%AD
882,豊臣秀吉,林羅山,https://ja.wikipedia.org/wiki/%E6%9E%97%E7%BE%85%E5%B1%B1
883,豊臣秀吉,井伊直政,https://ja.wikipedia.org/wiki/%E4%BA%95%E4%BC%8A%E7%9B%B4%E6%94%BF
884,豊臣秀吉,榊原康政,https://ja.wikipedia.org/wiki/%E6%A6%8A%E5%8E%9F%E5%BA%B7%E6%94%BF
885,豊臣秀吉,大久保忠隣,https://ja.wikipedia.org/wiki/%E5%A4%A7%E4%B9%85%E4%BF%9D%E5%BF%A0%E9%9A%A3
886,豊臣秀吉,アルノルドゥス・モンタヌス,https://ja.wikipedia.org/wiki/%E3%82%A2%E3%83%AB%E3%83%8E%E3%83%AB%E3%83%89%E3%82%A5%E3%82%B9%E3%83%BB%E3%83%A2%E3%83%B3%E3%82%BF%E3%83%8C%E3%82%B9
887,豊臣秀吉,伊東忠太,https://ja.wikipedia.org/wiki/%E4%BC%8A%E6%9D%B1%E5%BF%A0%E5%A4%AA
888,豊臣秀吉,五輪塔,https://ja.wikipedia.org/wiki/%E4%BA%94%E8%BC%AA%E5%A1%94
889,豊臣秀吉,三十三間堂,https://ja.wikipedia.org/wiki/%E4%B8%89%E5%8D%81%E4%B8%89%E9%96%93%E5%A0%82
890,豊臣秀吉,宣明暦,https://ja.wikipedia.org/wiki/%E5%AE%A3%E6%98%8E%E6%9A%A6
891,豊臣秀吉,センゴク,https://ja.wikipedia.org/wiki/%E3%82%BB%E3%83%B3%E3%82%B4%E3%82%AF
892,豊臣秀吉,シグルイ,https://ja.wikipedia.org/wiki/%E3%82%B7%E3%82%B0%E3%83%AB%E3%82%A4
893,豊臣秀吉,重要文化財,https://ja.wikipedia.org/wiki/%E9%87%8D%E8%A6%81%E6%96%87%E5%8C%96%E8%B2%A1
894,豊臣秀吉,東京国立博物館,https://ja.wikipedia.org/wiki/%E6%9D%B1%E4%BA%AC%E5%9B%BD%E7%AB%8B%E5%8D%9A%E7%89%A9%E9%A4%A8
895,豊臣秀吉,春日虎綱,https://ja.wikipedia.org/wiki/%E6%98%A5%E6%97%A5%E8%99%8E%E7%B6%B1
896,豊臣秀吉,増川宏一,https://ja.wikipedia.org/wiki/%E5%A2%97%E5%B7%9D%E5%AE%8F%E4%B8%80
897,豊臣秀吉,南条元続,https://ja.wikipedia.org/wiki/%E5%8D%97%E6%9D%A1%E5%85%83%E7%B6%9A
898,豊臣秀吉,七口の関,https://ja.wikipedia.org/wiki/%E4%B8%83%E5%8F%A3%E3%81%AE%E9%96%A2
899,豊臣秀吉,鎌倉時代,https://ja.wikipedia.org/wiki/%E9%8E%8C%E5%80%89%E6%99%82%E4%BB%A3
900,豊臣秀吉,曽我物語,https://ja.wikipedia.org/wiki/%E6%9B%BD%E6%88%91%E7%89%A9%E8%AA%9E
901,豊臣秀吉,鬼界ヶ島,https://ja.wikipedia.org/wiki/%E9%AC%BC%E7%95%8C%E3%83%B6%E5%B3%B6
902,豊臣秀吉,硫黄島 (鹿児島県),https://ja.wikipedia.org/wiki/%E7%A1%AB%E9%BB%84%E5%B3%B6_(%E9%B9%BF%E5%85%90%E5%B3%B6%E7%9C%8C)
903,豊臣秀吉,台湾,https://ja.wikipedia.org/wiki/%E5%8F%B0%E6%B9%BE
904,豊臣秀吉,名古屋市博物館,https://ja.wikipedia.org/wiki/%E5%90%8D%E5%8F%A4%E5%B1%8B%E5%B8%82%E5%8D%9A%E7%89%A9%E9%A4%A8
905,豊臣秀吉,ISBN,https://ja.wikipedia.org/wiki/ISBN
906,豊臣秀吉,Amazon Kindle,https://ja.wikipedia.org/wiki/Amazon_Kindle
907,豊臣秀吉,中経出版,https://ja.wikipedia.org/wiki/%E4%B8%AD%E7%B5%8C%E5%87%BA%E7%89%88
908,豊臣秀吉,Amazon.com,https://ja.wikipedia.org/wiki/Amazon.com#ASIN
909,豊臣秀吉,ハンドルシステム,https://ja.wikipedia.org/wiki/%E3%83%8F%E3%83%B3%E3%83%89%E3%83%AB%E3%82%B7%E3%82%B9%E3%83%86%E3%83%A0
910,豊臣秀吉,東京新聞,https://ja.wikipedia.org/wiki/%E6%9D%B1%E4%BA%AC%E6%96%B0%E8%81%9E
911,豊臣秀吉,神戸新聞社,https://ja.wikipedia.org/wiki/%E7%A5%9E%E6%88%B8%E6%96%B0%E8%81%9E%E7%A4%BE
912,豊臣秀吉,橋本政宣,https://ja.wikipedia.org/wiki/%E6%A9%8B%E6%9C%AC%E6%94%BF%E5%AE%A3
913,豊臣秀吉,黒田基樹,https://ja.wikipedia.org/wiki/%E9%BB%92%E7%94%B0%E5%9F%BA%E6%A8%B9
914,豊臣秀吉,西村眞次,https://ja.wikipedia.org/wiki/%E8%A5%BF%E6%9D%91%E7%9C%9E%E6%AC%A1
915,豊臣秀吉,湯本文彦,https://ja.wikipedia.org/wiki/%E6%B9%AF%E6%9C%AC%E6%96%87%E5%BD%A6
916,豊臣秀吉,史学雑誌,https://ja.wikipedia.org/wiki/%E5%8F%B2%E5%AD%A6%E9%9B%91%E8%AA%8C
917,豊臣秀吉,吉田兼見,https://ja.wikipedia.org/wiki/%E5%90%89%E7%94%B0%E5%85%BC%E8%A6%8B
918,豊臣秀吉,続群書類従,https://ja.wikipedia.org/wiki/%E7%B6%9A%E7%BE%A4%E6%9B%B8%E9%A1%9E%E5%BE%93
919,豊臣秀吉,朝尾直弘,https://ja.wikipedia.org/wiki/%E6%9C%9D%E5%B0%BE%E7%9B%B4%E5%BC%98
920,豊臣秀吉,藤田達生,https://ja.wikipedia.org/wiki/%E8%97%A4%E7%94%B0%E9%81%94%E7%94%9F
921,豊臣秀吉,デジタルオブジェクト識別子,https://ja.wikipedia.org/wiki/%E3%83%87%E3%82%B8%E3%82%BF%E3%83%AB%E3%82%AA%E3%83%96%E3%82%B8%E3%82%A7%E3%82%AF%E3%83%88%E8%AD%98%E5%88%A5%E5%AD%90
922,豊臣秀吉,林屋辰三郎,https://ja.wikipedia.org/wiki/%E6%9E%97%E5%B1%8B%E8%BE%B0%E4%B8%89%E9%83%8E
923,豊臣秀吉,Portable Document Format,https://ja.wikipedia.org/wiki/Portable_Document_Format
924,豊臣秀吉,アジア歴史資料センター,https://ja.wikipedia.org/wiki/%E3%82%A2%E3%82%B8%E3%82%A2%E6%AD%B4%E5%8F%B2%E8%B3%87%E6%96%99%E3%82%BB%E3%83%B3%E3%82%BF%E3%83%BC
925,豊臣秀吉,若政所,https://ja.wikipedia.org/wiki/%E8%8B%A5%E6%94%BF%E6%89%80
926,豊臣秀吉,従五位下,https://ja.wikipedia.org/wiki/%E5%BE%93%E4%BA%94%E4%BD%8D%E4%B8%8B
927,豊臣秀吉,ウェイバックマシン,https://ja.wikipedia.org/wiki/%E3%82%A6%E3%82%A7%E3%82%A4%E3%83%90%E3%83%83%E3%82%AF%E3%83%9E%E3%82%B7%E3%83%B3
928,豊臣秀吉,小学館,https://ja.wikipedia.org/wiki/%E5%B0%8F%E5%AD%A6%E9%A4%A8
929,豊臣秀吉,岩波書店,https://ja.wikipedia.org/wiki/%E5%B2%A9%E6%B3%A2%E6%9B%B8%E5%BA%97
930,豊臣秀吉,池上裕子,https://ja.wikipedia.org/wiki/%E6%B1%A0%E4%B8%8A%E8%A3%95%E5%AD%90
931,豊臣秀吉,講談社,https://ja.wikipedia.org/wiki/%E8%AC%9B%E8%AB%87%E7%A4%BE
932,豊臣秀吉,講談社学術文庫,https://ja.wikipedia.org/wiki/%E8%AC%9B%E8%AB%87%E7%A4%BE%E5%AD%A6%E8%A1%93%E6%96%87%E5%BA%AB
933,豊臣秀吉,吉川弘文館,https://ja.wikipedia.org/wiki/%E5%90%89%E5%B7%9D%E5%BC%98%E6%96%87%E9%A4%A8
934,豊臣秀吉,中央公論社,https://ja.wikipedia.org/wiki/%E4%B8%AD%E5%A4%AE%E5%85%AC%E8%AB%96%E7%A4%BE
935,豊臣秀吉,中公新書,https://ja.wikipedia.org/wiki/%E4%B8%AD%E5%85%AC%E6%96%B0%E6%9B%B8
936,豊臣秀吉,新人物往来社,https://ja.wikipedia.org/wiki/%E6%96%B0%E4%BA%BA%E7%89%A9%E5%BE%80%E6%9D%A5%E7%A4%BE
937,豊臣秀吉,法蔵館,https://ja.wikipedia.org/wiki/%E6%B3%95%E8%94%B5%E9%A4%A8
938,豊臣秀吉,田端泰子,https://ja.wikipedia.org/wiki/%E7%94%B0%E7%AB%AF%E6%B3%B0%E5%AD%90
939,豊臣秀吉,ミネルヴァ書房,https://ja.wikipedia.org/wiki/%E3%83%9F%E3%83%8D%E3%83%AB%E3%83%B4%E3%82%A1%E6%9B%B8%E6%88%BF
940,豊臣秀吉,徳富蘇峰,https://ja.wikipedia.org/wiki/%E5%BE%B3%E5%AF%8C%E8%98%87%E5%B3%B0
941,豊臣秀吉,民友社,https://ja.wikipedia.org/wiki/%E6%B0%91%E5%8F%8B%E7%A4%BE
942,豊臣秀吉,中野等,https://ja.wikipedia.org/wiki/%E4%B8%AD%E9%87%8E%E7%AD%89
943,豊臣秀吉,長谷川成一,https://ja.wikipedia.org/wiki/%E9%95%B7%E8%B0%B7%E5%B7%9D%E6%88%90%E4%B8%80
944,豊臣秀吉,山川出版社,https://ja.wikipedia.org/wiki/%E5%B1%B1%E5%B7%9D%E5%87%BA%E7%89%88%E7%A4%BE
945,豊臣秀吉,藤木久志,https://ja.wikipedia.org/wiki/%E8%97%A4%E6%9C%A8%E4%B9%85%E5%BF%97
946,豊臣秀吉,東京大学出版会,https://ja.wikipedia.org/wiki/%E6%9D%B1%E4%BA%AC%E5%A4%A7%E5%AD%A6%E5%87%BA%E7%89%88%E4%BC%9A
947,豊臣秀吉,川崎桃太,https://ja.wikipedia.org/wiki/%E5%B7%9D%E5%B4%8E%E6%A1%83%E5%A4%AA
948,豊臣秀吉,村川浩平,https://ja.wikipedia.org/wiki/%E6%9D%91%E5%B7%9D%E6%B5%A9%E5%B9%B3
949,豊臣秀吉,近代文藝社,https://ja.wikipedia.org/wiki/%E8%BF%91%E4%BB%A3%E6%96%87%E8%97%9D%E7%A4%BE
950,豊臣秀吉,慶應義塾大学,https://ja.wikipedia.org/wiki/%E6%85%B6%E6%87%89%E7%BE%A9%E5%A1%BE%E5%A4%A7%E5%AD%A6
951,豊臣秀吉,太閤山荘,https://ja.wikipedia.org/wiki/%E5%A4%AA%E9%96%A4%E5%B1%B1%E8%8D%98
952,豊臣秀吉,出世稲荷神社 (京都市),https://ja.wikipedia.org/wiki/%E5%87%BA%E4%B8%96%E7%A8%B2%E8%8D%B7%E7%A5%9E%E7%A4%BE_(%E4%BA%AC%E9%83%BD%E5%B8%82)
953,豊臣秀吉,高座結御子神社,https://ja.wikipedia.org/wiki/%E9%AB%98%E5%BA%A7%E7%B5%90%E5%BE%A1%E5%AD%90%E7%A5%9E%E7%A4%BE
954,豊臣秀吉,源平交代思想,https://ja.wikipedia.org/wiki/%E6%BA%90%E5%B9%B3%E4%BA%A4%E4%BB%A3%E6%80%9D%E6%83%B3
955,豊臣秀吉,太田城 (紀伊国),https://ja.wikipedia.org/wiki/%E5%A4%AA%E7%94%B0%E5%9F%8E_(%E7%B4%80%E4%BC%8A%E5%9B%BD)
956,豊臣秀吉,高槻城,https://ja.wikipedia.org/wiki/%E9%AB%98%E6%A7%BB%E5%9F%8E
957,豊臣秀吉,広徳寺 (尼崎市),https://ja.wikipedia.org/wiki/%E5%BA%83%E5%BE%B3%E5%AF%BA_(%E5%B0%BC%E5%B4%8E%E5%B8%82)
958,豊臣秀吉,常泉寺 (名古屋市),https://ja.wikipedia.org/wiki/%E5%B8%B8%E6%B3%89%E5%AF%BA_(%E5%90%8D%E5%8F%A4%E5%B1%8B%E5%B8%82)
959,豊臣秀吉,八幡山城,https://ja.wikipedia.org/wiki/%E5%85%AB%E5%B9%A1%E5%B1%B1%E5%9F%8E
960,豊臣秀吉,普請,https://ja.wikipedia.org/wiki/%E6%99%AE%E8%AB%8B
961,豊臣秀吉,有馬温泉,https://ja.wikipedia.org/wiki/%E6%9C%89%E9%A6%AC%E6%B8%A9%E6%B3%89
962,豊臣秀吉,太閤出世餅,https://ja.wikipedia.org/wiki/%E5%A4%AA%E9%96%A4%E5%87%BA%E4%B8%96%E9%A4%85
963,豊臣秀吉,藤原基経,https://ja.wikipedia.org/wiki/%E8%97%A4%E5%8E%9F%E5%9F%BA%E7%B5%8C
964,豊臣秀吉,藤原忠平,https://ja.wikipedia.org/wiki/%E8%97%A4%E5%8E%9F%E5%BF%A0%E5%B9%B3
965,豊臣秀吉,藤原実頼,https://ja.wikipedia.org/wiki/%E8%97%A4%E5%8E%9F%E5%AE%9F%E9%A0%BC
966,豊臣秀吉,藤原兼通,https://ja.wikipedia.org/wiki/%E8%97%A4%E5%8E%9F%E5%85%BC%E9%80%9A
967,豊臣秀吉,藤原頼忠,https://ja.wikipedia.org/wiki/%E8%97%A4%E5%8E%9F%E9%A0%BC%E5%BF%A0
968,豊臣秀吉,藤原兼家,https://ja.wikipedia.org/wiki/%E8%97%A4%E5%8E%9F%E5%85%BC%E5%AE%B6
969,豊臣秀吉,藤原道隆,https://ja.wikipedia.org/wiki/%E8%97%A4%E5%8E%9F%E9%81%93%E9%9A%86
970,豊臣秀吉,藤原道兼,https://ja.wikipedia.org/wiki/%E8%97%A4%E5%8E%9F%E9%81%93%E5%85%BC
971,豊臣秀吉,藤原頼通,https://ja.wikipedia.org/wiki/%E8%97%A4%E5%8E%9F%E9%A0%BC%E9%80%9A
972,豊臣秀吉,藤原教通,https://ja.wikipedia.org/wiki/%E8%97%A4%E5%8E%9F%E6%95%99%E9%80%9A
973,豊臣秀吉,藤原師実,https://ja.wikipedia.org/wiki/%E8%97%A4%E5%8E%9F%E5%B8%AB%E5%AE%9F
974,豊臣秀吉,藤原師通,https://ja.wikipedia.org/wiki/%E8%97%A4%E5%8E%9F%E5%B8%AB%E9%80%9A
975,豊臣秀吉,藤原忠実,https://ja.wikipedia.org/wiki/%E8%97%A4%E5%8E%9F%E5%BF%A0%E5%AE%9F
976,豊臣秀吉,藤原忠通,https://ja.wikipedia.org/wiki/%E8%97%A4%E5%8E%9F%E5%BF%A0%E9%80%9A
977,豊臣秀吉,近衛基実,https://ja.wikipedia.org/wiki/%E8%BF%91%E8%A1%9B%E5%9F%BA%E5%AE%9F
978,豊臣秀吉,松殿基房,https://ja.wikipedia.org/wiki/%E6%9D%BE%E6%AE%BF%E5%9F%BA%E6%88%BF
979,豊臣秀吉,近衛基通,https://ja.wikipedia.org/wiki/%E8%BF%91%E8%A1%9B%E5%9F%BA%E9%80%9A
980,豊臣秀吉,九条兼実,https://ja.wikipedia.org/wiki/%E4%B9%9D%E6%9D%A1%E5%85%BC%E5%AE%9F
981,豊臣秀吉,近衛家実,https://ja.wikipedia.org/wiki/%E8%BF%91%E8%A1%9B%E5%AE%B6%E5%AE%9F
982,豊臣秀吉,九条道家,https://ja.wikipedia.org/wiki/%E4%B9%9D%E6%9D%A1%E9%81%93%E5%AE%B6
983,豊臣秀吉,九条教実,https://ja.wikipedia.org/wiki/%E4%B9%9D%E6%9D%A1%E6%95%99%E5%AE%9F
984,豊臣秀吉,近衛兼経,https://ja.wikipedia.org/wiki/%E8%BF%91%E8%A1%9B%E5%85%BC%E7%B5%8C
985,豊臣秀吉,二条良実,https://ja.wikipedia.org/wiki/%E4%BA%8C%E6%9D%A1%E8%89%AF%E5%AE%9F
986,豊臣秀吉,一条実経,https://ja.wikipedia.org/wiki/%E4%B8%80%E6%9D%A1%E5%AE%9F%E7%B5%8C
987,豊臣秀吉,鷹司兼平,https://ja.wikipedia.org/wiki/%E9%B7%B9%E5%8F%B8%E5%85%BC%E5%B9%B3
988,豊臣秀吉,近衛基平,https://ja.wikipedia.org/wiki/%E8%BF%91%E8%A1%9B%E5%9F%BA%E5%B9%B3
989,豊臣秀吉,鷹司基忠,https://ja.wikipedia.org/wiki/%E9%B7%B9%E5%8F%B8%E5%9F%BA%E5%BF%A0
990,豊臣秀吉,九条忠家,https://ja.wikipedia.org/wiki/%E4%B9%9D%E6%9D%A1%E5%BF%A0%E5%AE%B6
991,豊臣秀吉,二条師忠,https://ja.wikipedia.org/wiki/%E4%BA%8C%E6%9D%A1%E5%B8%AB%E5%BF%A0
992,豊臣秀吉,近衛家基,https://ja.wikipedia.org/wiki/%E8%BF%91%E8%A1%9B%E5%AE%B6%E5%9F%BA
993,豊臣秀吉,九条忠教,https://ja.wikipedia.org/wiki/%E4%B9%9D%E6%9D%A1%E5%BF%A0%E6%95%99
994,豊臣秀吉,鷹司兼忠,https://ja.wikipedia.org/wiki/%E9%B7%B9%E5%8F%B8%E5%85%BC%E5%BF%A0
995,豊臣秀吉,二条兼基,https://ja.wikipedia.org/wiki/%E4%BA%8C%E6%9D%A1%E5%85%BC%E5%9F%BA
996,豊臣秀吉,九条師教,https://ja.wikipedia.org/wiki/%E4%B9%9D%E6%9D%A1%E5%B8%AB%E6%95%99
997,豊臣秀吉,鷹司冬平,https://ja.wikipedia.org/wiki/%E9%B7%B9%E5%8F%B8%E5%86%AC%E5%B9%B3
998,豊臣秀吉,近衛家平,https://ja.wikipedia.org/wiki/%E8%BF%91%E8%A1%9B%E5%AE%B6%E5%B9%B3
999,豊臣秀吉,二条道平,https://ja.wikipedia.org/wiki/%E4%BA%8C%E6%9D%A1%E9%81%93%E5%B9%B3
1000,豊臣秀吉,一条内経,https://ja.wikipedia.org/wiki/%E4%B8%80%E6%9D%A1%E5%86%85%E7%B5%8C
1001,豊臣秀吉,九条房実,https://ja.wikipedia.org/wiki/%E4%B9%9D%E6%9D%A1%E6%88%BF%E5%AE%9F
1002,豊臣秀吉,近衛経忠,https://ja.wikipedia.org/wiki/%E8%BF%91%E8%A1%9B%E7%B5%8C%E5%BF%A0
1003,豊臣秀吉,鷹司冬教,https://ja.wikipedia.org/wiki/%E9%B7%B9%E5%8F%B8%E5%86%AC%E6%95%99
1004,豊臣秀吉,二条師基,https://ja.wikipedia.org/wiki/%E4%BA%8C%E6%9D%A1%E5%B8%AB%E5%9F%BA
1005,豊臣秀吉,近衛経家,https://ja.wikipedia.org/wiki/%E8%BF%91%E8%A1%9B%E7%B5%8C%E5%AE%B6
1006,豊臣秀吉,二条教基,https://ja.wikipedia.org/wiki/%E4%BA%8C%E6%9D%A1%E6%95%99%E5%9F%BA
1007,豊臣秀吉,二条教頼,https://ja.wikipedia.org/wiki/%E4%BA%8C%E6%9D%A1%E6%95%99%E9%A0%BC
1008,豊臣秀吉,二条冬実,https://ja.wikipedia.org/wiki/%E4%BA%8C%E6%9D%A1%E5%86%AC%E5%AE%9F
1009,豊臣秀吉,近衛経家,https://ja.wikipedia.org/wiki/%E8%BF%91%E8%A1%9B%E7%B5%8C%E5%AE%B6#子孫
1010,豊臣秀吉,近衛基嗣,https://ja.wikipedia.org/wiki/%E8%BF%91%E8%A1%9B%E5%9F%BA%E5%97%A3
1011,豊臣秀吉,一条経通,https://ja.wikipedia.org/wiki/%E4%B8%80%E6%9D%A1%E7%B5%8C%E9%80%9A
1012,豊臣秀吉,九条道教,https://ja.wikipedia.org/wiki/%E4%B9%9D%E6%9D%A1%E9%81%93%E6%95%99
1013,豊臣秀吉,鷹司師平,https://ja.wikipedia.org/wiki/%E9%B7%B9%E5%8F%B8%E5%B8%AB%E5%B9%B3
1014,豊臣秀吉,二条良基,https://ja.wikipedia.org/wiki/%E4%BA%8C%E6%9D%A1%E8%89%AF%E5%9F%BA
1015,豊臣秀吉,九条経教,https://ja.wikipedia.org/wiki/%E4%B9%9D%E6%9D%A1%E7%B5%8C%E6%95%99
1016,豊臣秀吉,近衛道嗣,https://ja.wikipedia.org/wiki/%E8%BF%91%E8%A1%9B%E9%81%93%E5%97%A3
1017,豊臣秀吉,鷹司冬通,https://ja.wikipedia.org/wiki/%E9%B7%B9%E5%8F%B8%E5%86%AC%E9%80%9A
1018,豊臣秀吉,二条師良,https://ja.wikipedia.org/wiki/%E4%BA%8C%E6%9D%A1%E5%B8%AB%E8%89%AF
1019,豊臣秀吉,九条忠基,https://ja.wikipedia.org/wiki/%E4%B9%9D%E6%9D%A1%E5%BF%A0%E5%9F%BA
1020,豊臣秀吉,二条師嗣,https://ja.wikipedia.org/wiki/%E4%BA%8C%E6%9D%A1%E5%B8%AB%E5%97%A3
1021,豊臣秀吉,一条経嗣,https://ja.wikipedia.org/wiki/%E4%B8%80%E6%9D%A1%E7%B5%8C%E5%97%A3
1022,豊臣秀吉,近衛忠嗣,https://ja.wikipedia.org/wiki/%E8%BF%91%E8%A1%9B%E5%BF%A0%E5%97%A3
1023,豊臣秀吉,二条満基,https://ja.wikipedia.org/wiki/%E4%BA%8C%E6%9D%A1%E6%BA%80%E5%9F%BA
1024,豊臣秀吉,九条満家,https://ja.wikipedia.org/wiki/%E4%B9%9D%E6%9D%A1%E6%BA%80%E5%AE%B6
1025,豊臣秀吉,二条持基,https://ja.wikipedia.org/wiki/%E4%BA%8C%E6%9D%A1%E6%8C%81%E5%9F%BA
1026,豊臣秀吉,近衛房嗣,https://ja.wikipedia.org/wiki/%E8%BF%91%E8%A1%9B%E6%88%BF%E5%97%A3
1027,豊臣秀吉,一条兼良,https://ja.wikipedia.org/wiki/%E4%B8%80%E6%9D%A1%E5%85%BC%E8%89%AF
1028,豊臣秀吉,二条持通,https://ja.wikipedia.org/wiki/%E4%BA%8C%E6%9D%A1%E6%8C%81%E9%80%9A
1029,豊臣秀吉,鷹司房平,https://ja.wikipedia.org/wiki/%E9%B7%B9%E5%8F%B8%E6%88%BF%E5%B9%B3
1030,豊臣秀吉,一条教房,https://ja.wikipedia.org/wiki/%E4%B8%80%E6%9D%A1%E6%95%99%E6%88%BF
1031,豊臣秀吉,二条政嗣,https://ja.wikipedia.org/wiki/%E4%BA%8C%E6%9D%A1%E6%94%BF%E5%97%A3
1032,豊臣秀吉,九条政基,https://ja.wikipedia.org/wiki/%E4%B9%9D%E6%9D%A1%E6%94%BF%E5%9F%BA
1033,豊臣秀吉,近衛政家,https://ja.wikipedia.org/wiki/%E8%BF%91%E8%A1%9B%E6%94%BF%E5%AE%B6
1034,豊臣秀吉,鷹司政平,https://ja.wikipedia.org/wiki/%E9%B7%B9%E5%8F%B8%E6%94%BF%E5%B9%B3
1035,豊臣秀吉,九条政忠,https://ja.wikipedia.org/wiki/%E4%B9%9D%E6%9D%A1%E6%94%BF%E5%BF%A0
1036,豊臣秀吉,一条冬良,https://ja.wikipedia.org/wiki/%E4%B8%80%E6%9D%A1%E5%86%AC%E8%89%AF
1037,豊臣秀吉,近衛尚通,https://ja.wikipedia.org/wiki/%E8%BF%91%E8%A1%9B%E5%B0%9A%E9%80%9A
1038,豊臣秀吉,二条尚基,https://ja.wikipedia.org/wiki/%E4%BA%8C%E6%9D%A1%E5%B0%9A%E5%9F%BA
1039,豊臣秀吉,九条尚経,https://ja.wikipedia.org/wiki/%E4%B9%9D%E6%9D%A1%E5%B0%9A%E7%B5%8C
1040,豊臣秀吉,鷹司兼輔,https://ja.wikipedia.org/wiki/%E9%B7%B9%E5%8F%B8%E5%85%BC%E8%BC%94
1041,豊臣秀吉,二条尹房,https://ja.wikipedia.org/wiki/%E4%BA%8C%E6%9D%A1%E5%B0%B9%E6%88%BF
1042,豊臣秀吉,近衛稙家,https://ja.wikipedia.org/wiki/%E8%BF%91%E8%A1%9B%E7%A8%99%E5%AE%B6
1043,豊臣秀吉,九条稙通,https://ja.wikipedia.org/wiki/%E4%B9%9D%E6%9D%A1%E7%A8%99%E9%80%9A
1044,豊臣秀吉,鷹司忠冬,https://ja.wikipedia.org/wiki/%E9%B7%B9%E5%8F%B8%E5%BF%A0%E5%86%AC
1045,豊臣秀吉,一条房通,https://ja.wikipedia.org/wiki/%E4%B8%80%E6%9D%A1%E6%88%BF%E9%80%9A
1046,豊臣秀吉,二条晴良,https://ja.wikipedia.org/wiki/%E4%BA%8C%E6%9D%A1%E6%99%B4%E8%89%AF
1047,豊臣秀吉,一条兼冬,https://ja.wikipedia.org/wiki/%E4%B8%80%E6%9D%A1%E5%85%BC%E5%86%AC
1048,豊臣秀吉,九条兼孝,https://ja.wikipedia.org/wiki/%E4%B9%9D%E6%9D%A1%E5%85%BC%E5%AD%9D
1049,豊臣秀吉,一条内基,https://ja.wikipedia.org/wiki/%E4%B8%80%E6%9D%A1%E5%86%85%E5%9F%BA
1050,豊臣秀吉,鷹司信房,https://ja.wikipedia.org/wiki/%E9%B7%B9%E5%8F%B8%E4%BF%A1%E6%88%BF
1051,豊臣秀吉,九条幸家,https://ja.wikipedia.org/wiki/%E4%B9%9D%E6%9D%A1%E5%B9%B8%E5%AE%B6
1052,豊臣秀吉,鷹司信尚,https://ja.wikipedia.org/wiki/%E9%B7%B9%E5%8F%B8%E4%BF%A1%E5%B0%9A
1053,豊臣秀吉,近衛信尋,https://ja.wikipedia.org/wiki/%E8%BF%91%E8%A1%9B%E4%BF%A1%E5%B0%8B
1054,豊臣秀吉,一条昭良,https://ja.wikipedia.org/wiki/%E4%B8%80%E6%9D%A1%E6%98%AD%E8%89%AF
1055,豊臣秀吉,近衛尚嗣,https://ja.wikipedia.org/wiki/%E8%BF%91%E8%A1%9B%E5%B0%9A%E5%97%A3
1056,豊臣秀吉,二条光平,https://ja.wikipedia.org/wiki/%E4%BA%8C%E6%9D%A1%E5%85%89%E5%B9%B3
1057,豊臣秀吉,鷹司房輔,https://ja.wikipedia.org/wiki/%E9%B7%B9%E5%8F%B8%E6%88%BF%E8%BC%94
1058,豊臣秀吉,一条冬経,https://ja.wikipedia.org/wiki/%E4%B8%80%E6%9D%A1%E5%86%AC%E7%B5%8C
1059,豊臣秀吉,近衛基熙,https://ja.wikipedia.org/wiki/%E8%BF%91%E8%A1%9B%E5%9F%BA%E7%86%99
1060,豊臣秀吉,鷹司兼熙,https://ja.wikipedia.org/wiki/%E9%B7%B9%E5%8F%B8%E5%85%BC%E7%86%99
1061,豊臣秀吉,近衛家熙,https://ja.wikipedia.org/wiki/%E8%BF%91%E8%A1%9B%E5%AE%B6%E7%86%99
1062,豊臣秀吉,九条輔実,https://ja.wikipedia.org/wiki/%E4%B9%9D%E6%9D%A1%E8%BC%94%E5%AE%9F
1063,豊臣秀吉,二条綱平,https://ja.wikipedia.org/wiki/%E4%BA%8C%E6%9D%A1%E7%B6%B1%E5%B9%B3
1064,豊臣秀吉,近衛家久,https://ja.wikipedia.org/wiki/%E8%BF%91%E8%A1%9B%E5%AE%B6%E4%B9%85
1065,豊臣秀吉,二条吉忠,https://ja.wikipedia.org/wiki/%E4%BA%8C%E6%9D%A1%E5%90%89%E5%BF%A0
1066,豊臣秀吉,一条兼香,https://ja.wikipedia.org/wiki/%E4%B8%80%E6%9D%A1%E5%85%BC%E9%A6%99
1067,豊臣秀吉,一条道香,https://ja.wikipedia.org/wiki/%E4%B8%80%E6%9D%A1%E9%81%93%E9%A6%99
1068,豊臣秀吉,近衛内前,https://ja.wikipedia.org/wiki/%E8%BF%91%E8%A1%9B%E5%86%85%E5%89%8D
1069,豊臣秀吉,九条尚実,https://ja.wikipedia.org/wiki/%E4%B9%9D%E6%9D%A1%E5%B0%9A%E5%AE%9F
1070,豊臣秀吉,鷹司輔平,https://ja.wikipedia.org/wiki/%E9%B7%B9%E5%8F%B8%E8%BC%94%E5%B9%B3
1071,豊臣秀吉,一条輝良,https://ja.wikipedia.org/wiki/%E4%B8%80%E6%9D%A1%E8%BC%9D%E8%89%AF
1072,豊臣秀吉,鷹司政煕,https://ja.wikipedia.org/wiki/%E9%B7%B9%E5%8F%B8%E6%94%BF%E7%85%95
1073,豊臣秀吉,一条忠良,https://ja.wikipedia.org/wiki/%E4%B8%80%E6%9D%A1%E5%BF%A0%E8%89%AF
1074,豊臣秀吉,鷹司政通,https://ja.wikipedia.org/wiki/%E9%B7%B9%E5%8F%B8%E6%94%BF%E9%80%9A
1075,豊臣秀吉,九条尚忠,https://ja.wikipedia.org/wiki/%E4%B9%9D%E6%9D%A1%E5%B0%9A%E5%BF%A0
1076,豊臣秀吉,近衛忠煕,https://ja.wikipedia.org/wiki/%E8%BF%91%E8%A1%9B%E5%BF%A0%E7%85%95
1077,豊臣秀吉,鷹司輔煕,https://ja.wikipedia.org/wiki/%E9%B7%B9%E5%8F%B8%E8%BC%94%E7%85%95
1078,豊臣秀吉,二条斉敬,https://ja.wikipedia.org/wiki/%E4%BA%8C%E6%9D%A1%E6%96%89%E6%95%AC
1079,豊臣秀吉,明治維新,https://ja.wikipedia.org/wiki/%E6%98%8E%E6%B2%BB%E7%B6%AD%E6%96%B0
1080,豊臣秀吉,摂政・関白の一覧,https://ja.wikipedia.org/wiki/%E6%91%82%E6%94%BF%E3%83%BB%E9%96%A2%E7%99%BD%E3%81%AE%E4%B8%80%E8%A6%A7
1081,豊臣秀吉,弘文天皇,https://ja.wikipedia.org/wiki/%E5%BC%98%E6%96%87%E5%A4%A9%E7%9A%87
1082,豊臣秀吉,高市皇子,https://ja.wikipedia.org/wiki/%E9%AB%98%E5%B8%82%E7%9A%87%E5%AD%90
1083,豊臣秀吉,忍壁皇子,https://ja.wikipedia.org/wiki/%E5%BF%8D%E5%A3%81%E7%9A%87%E5%AD%90
1084,豊臣秀吉,知太政官事,https://ja.wikipedia.org/wiki/%E7%9F%A5%E5%A4%AA%E6%94%BF%E5%AE%98%E4%BA%8B
1085,豊臣秀吉,穂積親王,https://ja.wikipedia.org/wiki/%E7%A9%82%E7%A9%8D%E8%A6%AA%E7%8E%8B
1086,豊臣秀吉,舎人親王,https://ja.wikipedia.org/wiki/%E8%88%8E%E4%BA%BA%E8%A6%AA%E7%8E%8B
1087,豊臣秀吉,鈴鹿王,https://ja.wikipedia.org/wiki/%E9%88%B4%E9%B9%BF%E7%8E%8B
1088,豊臣秀吉,藤原仲麻呂,https://ja.wikipedia.org/wiki/%E8%97%A4%E5%8E%9F%E4%BB%B2%E9%BA%BB%E5%91%82
1089,豊臣秀吉,道鏡,https://ja.wikipedia.org/wiki/%E9%81%93%E9%8F%A1
1090,豊臣秀吉,藤原良房,https://ja.wikipedia.org/wiki/%E8%97%A4%E5%8E%9F%E8%89%AF%E6%88%BF
1091,豊臣秀吉,藤原伊尹,https://ja.wikipedia.org/wiki/%E8%97%A4%E5%8E%9F%E4%BC%8A%E5%B0%B9
1092,豊臣秀吉,藤原為光,https://ja.wikipedia.org/wiki/%E8%97%A4%E5%8E%9F%E7%82%BA%E5%85%89
1093,豊臣秀吉,藤原道長,https://ja.wikipedia.org/wiki/%E8%97%A4%E5%8E%9F%E9%81%93%E9%95%B7
1094,豊臣秀吉,藤原公季,https://ja.wikipedia.org/wiki/%E8%97%A4%E5%8E%9F%E5%85%AC%E5%AD%A3
1095,豊臣秀吉,藤原信長,https://ja.wikipedia.org/wiki/%E8%97%A4%E5%8E%9F%E4%BF%A1%E9%95%B7
1096,豊臣秀吉,源雅実,https://ja.wikipedia.org/wiki/%E6%BA%90%E9%9B%85%E5%AE%9F
1097,豊臣秀吉,三条実行,https://ja.wikipedia.org/wiki/%E4%B8%89%E6%9D%A1%E5%AE%9F%E8%A1%8C
1098,豊臣秀吉,藤原宗輔,https://ja.wikipedia.org/wiki/%E8%97%A4%E5%8E%9F%E5%AE%97%E8%BC%94
1099,豊臣秀吉,藤原伊通,https://ja.wikipedia.org/wiki/%E8%97%A4%E5%8E%9F%E4%BC%8A%E9%80%9A
1100,豊臣秀吉,平清盛,https://ja.wikipedia.org/wiki/%E5%B9%B3%E6%B8%85%E7%9B%9B
1101,豊臣秀吉,藤原忠雅,https://ja.wikipedia.org/wiki/%E8%97%A4%E5%8E%9F%E5%BF%A0%E9%9B%85
1102,豊臣秀吉,藤原師長,https://ja.wikipedia.org/wiki/%E8%97%A4%E5%8E%9F%E5%B8%AB%E9%95%B7
1103,豊臣秀吉,藤原兼房 (太政大臣),https://ja.wikipedia.org/wiki/%E8%97%A4%E5%8E%9F%E5%85%BC%E6%88%BF_(%E5%A4%AA%E6%94%BF%E5%A4%A7%E8%87%A3)
1104,豊臣秀吉,藤原頼実,https://ja.wikipedia.org/wiki/%E8%97%A4%E5%8E%9F%E9%A0%BC%E5%AE%9F
1105,豊臣秀吉,九条良経,https://ja.wikipedia.org/wiki/%E4%B9%9D%E6%9D%A1%E8%89%AF%E7%B5%8C
1106,豊臣秀吉,三条公房,https://ja.wikipedia.org/wiki/%E4%B8%89%E6%9D%A1%E5%85%AC%E6%88%BF
1107,豊臣秀吉,西園寺公経,https://ja.wikipedia.org/wiki/%E8%A5%BF%E5%9C%92%E5%AF%BA%E5%85%AC%E7%B5%8C
1108,豊臣秀吉,九条良平,https://ja.wikipedia.org/wiki/%E4%B9%9D%E6%9D%A1%E8%89%AF%E5%B9%B3
1109,豊臣秀吉,西園寺実氏,https://ja.wikipedia.org/wiki/%E8%A5%BF%E5%9C%92%E5%AF%BA%E5%AE%9F%E6%B0%8F
1110,豊臣秀吉,久我通光,https://ja.wikipedia.org/wiki/%E4%B9%85%E6%88%91%E9%80%9A%E5%85%89
1111,豊臣秀吉,徳大寺実基,https://ja.wikipedia.org/wiki/%E5%BE%B3%E5%A4%A7%E5%AF%BA%E5%AE%9F%E5%9F%BA
1112,豊臣秀吉,西園寺公相,https://ja.wikipedia.org/wiki/%E8%A5%BF%E5%9C%92%E5%AF%BA%E5%85%AC%E7%9B%B8
1113,豊臣秀吉,花山院通雅,https://ja.wikipedia.org/wiki/%E8%8A%B1%E5%B1%B1%E9%99%A2%E9%80%9A%E9%9B%85
1114,豊臣秀吉,堀川基具,https://ja.wikipedia.org/wiki/%E5%A0%80%E5%B7%9D%E5%9F%BA%E5%85%B7
1115,豊臣秀吉,西園寺実兼,https://ja.wikipedia.org/wiki/%E8%A5%BF%E5%9C%92%E5%AF%BA%E5%AE%9F%E5%85%BC
1116,豊臣秀吉,洞院公守,https://ja.wikipedia.org/wiki/%E6%B4%9E%E9%99%A2%E5%85%AC%E5%AE%88
1117,豊臣秀吉,土御門定実,https://ja.wikipedia.org/wiki/%E5%9C%9F%E5%BE%A1%E9%96%80%E5%AE%9A%E5%AE%9F
1118,豊臣秀吉,徳大寺公孝,https://ja.wikipedia.org/wiki/%E5%BE%B3%E5%A4%A7%E5%AF%BA%E5%85%AC%E5%AD%9D
1119,豊臣秀吉,一条実家,https://ja.wikipedia.org/wiki/%E4%B8%80%E6%9D%A1%E5%AE%9F%E5%AE%B6
1120,豊臣秀吉,大炊御門信嗣,https://ja.wikipedia.org/wiki/%E5%A4%A7%E7%82%8A%E5%BE%A1%E9%96%80%E4%BF%A1%E5%97%A3
1121,豊臣秀吉,三条実重,https://ja.wikipedia.org/wiki/%E4%B8%89%E6%9D%A1%E5%AE%9F%E9%87%8D
1122,豊臣秀吉,久我通雄,https://ja.wikipedia.org/wiki/%E4%B9%85%E6%88%91%E9%80%9A%E9%9B%84
1123,豊臣秀吉,今出川兼季,https://ja.wikipedia.org/wiki/%E4%BB%8A%E5%87%BA%E5%B7%9D%E5%85%BC%E5%AD%A3
1124,豊臣秀吉,久我長通,https://ja.wikipedia.org/wiki/%E4%B9%85%E6%88%91%E9%95%B7%E9%80%9A
1125,豊臣秀吉,洞院公賢,https://ja.wikipedia.org/wiki/%E6%B4%9E%E9%99%A2%E5%85%AC%E8%B3%A2
1126,豊臣秀吉,西園寺公重,https://ja.wikipedia.org/wiki/%E8%A5%BF%E5%9C%92%E5%AF%BA%E5%85%AC%E9%87%8D
1127,豊臣秀吉,久我通相,https://ja.wikipedia.org/wiki/%E4%B9%85%E6%88%91%E9%80%9A%E7%9B%B8
1128,豊臣秀吉,徳大寺実時,https://ja.wikipedia.org/wiki/%E5%BE%B3%E5%A4%A7%E5%AF%BA%E5%AE%9F%E6%99%82
1129,豊臣秀吉,足利義満,https://ja.wikipedia.org/wiki/%E8%B6%B3%E5%88%A9%E7%BE%A9%E6%BA%80
1130,豊臣秀吉,久我具通,https://ja.wikipedia.org/wiki/%E4%B9%85%E6%88%91%E5%85%B7%E9%80%9A
1131,豊臣秀吉,三条実冬,https://ja.wikipedia.org/wiki/%E4%B8%89%E6%9D%A1%E5%AE%9F%E5%86%AC
1132,豊臣秀吉,徳大寺公俊,https://ja.wikipedia.org/wiki/%E5%BE%B3%E5%A4%A7%E5%AF%BA%E5%85%AC%E4%BF%8A
1133,豊臣秀吉,久我清通,https://ja.wikipedia.org/wiki/%E4%B9%85%E6%88%91%E6%B8%85%E9%80%9A
1134,豊臣秀吉,西園寺公名,https://ja.wikipedia.org/wiki/%E8%A5%BF%E5%9C%92%E5%AF%BA%E5%85%AC%E5%90%8D
1135,豊臣秀吉,久我通博,https://ja.wikipedia.org/wiki/%E4%B9%85%E6%88%91%E9%80%9A%E5%8D%9A
1136,豊臣秀吉,徳大寺実淳,https://ja.wikipedia.org/wiki/%E5%BE%B3%E5%A4%A7%E5%AF%BA%E5%AE%9F%E6%B7%B3
1137,豊臣秀吉,花山院政長,https://ja.wikipedia.org/wiki/%E8%8A%B1%E5%B1%B1%E9%99%A2%E6%94%BF%E9%95%B7
1138,豊臣秀吉,三条実香,https://ja.wikipedia.org/wiki/%E4%B8%89%E6%9D%A1%E5%AE%9F%E9%A6%99
1139,豊臣秀吉,徳川家斉,https://ja.wikipedia.org/wiki/%E5%BE%B3%E5%B7%9D%E5%AE%B6%E6%96%89
1140,豊臣秀吉,三条実美,https://ja.wikipedia.org/wiki/%E4%B8%89%E6%9D%A1%E5%AE%9F%E7%BE%8E
1141,豊臣秀吉,内閣 (日本),https://ja.wikipedia.org/wiki/%E5%86%85%E9%96%A3_(%E6%97%A5%E6%9C%AC)
1142,豊臣秀吉,池田長吉,https://ja.wikipedia.org/wiki/%E6%B1%A0%E7%94%B0%E9%95%B7%E5%90%89
1143,豊臣秀吉,藤堂高吉,https://ja.wikipedia.org/wiki/%E8%97%A4%E5%A0%82%E9%AB%98%E5%90%89
1144,豊臣秀吉,取次 (豊臣政権),https://ja.wikipedia.org/wiki/%E5%8F%96%E6%AC%A1_(%E8%B1%8A%E8%87%A3%E6%94%BF%E6%A8%A9)
1145,豊臣秀吉,京都所司代,https://ja.wikipedia.org/wiki/%E4%BA%AC%E9%83%BD%E6%89%80%E5%8F%B8%E4%BB%A3
1146,豊臣秀吉,金切裂指物使番,https://ja.wikipedia.org/wiki/%E9%87%91%E5%88%87%E8%A3%82%E6%8C%87%E7%89%A9%E4%BD%BF%E7%95%AA
1147,豊臣秀吉,文治派,https://ja.wikipedia.org/wiki/%E6%96%87%E6%B2%BB%E6%B4%BE
1148,豊臣秀吉,武断派,https://ja.wikipedia.org/wiki/%E6%AD%A6%E6%96%AD%E6%B4%BE
1149,豊臣秀吉,兵農分離,https://ja.wikipedia.org/wiki/%E5%85%B5%E8%BE%B2%E5%88%86%E9%9B%A2
1150,豊臣秀吉,身分統制令,https://ja.wikipedia.org/wiki/%E8%BA%AB%E5%88%86%E7%B5%B1%E5%88%B6%E4%BB%A4
1151,豊臣秀吉,人掃令,https://ja.wikipedia.org/wiki/%E4%BA%BA%E6%8E%83%E4%BB%A4
1152,豊臣秀吉,御掟,https://ja.wikipedia.org/wiki/%E5%BE%A1%E6%8E%9F
1153,豊臣秀吉,中国国分,https://ja.wikipedia.org/wiki/%E4%B8%AD%E5%9B%BD%E5%9B%BD%E5%88%86
1154,豊臣秀吉,四国国分,https://ja.wikipedia.org/wiki/%E5%9B%9B%E5%9B%BD%E5%9B%BD%E5%88%86
1155,豊臣秀吉,九州国分,https://ja.wikipedia.org/wiki/%E4%B9%9D%E5%B7%9E%E5%9B%BD%E5%88%86
1156,豊臣秀吉,宇都宮仕置,https://ja.wikipedia.org/wiki/%E5%AE%87%E9%83%BD%E5%AE%AE%E4%BB%95%E7%BD%AE
1157,豊臣秀吉,天正通宝,https://ja.wikipedia.org/wiki/%E5%A4%A9%E6%AD%A3%E9%80%9A%E5%AE%9D
1158,豊臣秀吉,文禄通宝,https://ja.wikipedia.org/wiki/%E6%96%87%E7%A6%84%E9%80%9A%E5%AE%9D
1159,豊臣秀吉,紀州征伐,https://ja.wikipedia.org/wiki/%E7%B4%80%E5%B7%9E%E5%BE%81%E4%BC%90#秀吉の紀州攻め
1160,豊臣秀吉,四国攻め,https://ja.wikipedia.org/wiki/%E5%9B%9B%E5%9B%BD%E6%94%BB%E3%82%81#羽柴秀吉の四国攻め（四国の役）
1161,豊臣秀吉,肥後国人一揆,https://ja.wikipedia.org/wiki/%E8%82%A5%E5%BE%8C%E5%9B%BD%E4%BA%BA%E4%B8%80%E6%8F%86
1162,豊臣秀吉,仙北一揆,https://ja.wikipedia.org/wiki/%E4%BB%99%E5%8C%97%E4%B8%80%E6%8F%86
1163,豊臣秀吉,梅北一揆,https://ja.wikipedia.org/wiki/%E6%A2%85%E5%8C%97%E4%B8%80%E6%8F%86
1164,豊臣秀吉,蔵入地,https://ja.wikipedia.org/wiki/%E8%94%B5%E5%85%A5%E5%9C%B0
1165,豊臣秀吉,堺,https://ja.wikipedia.org/wiki/%E5%A0%BA
1166,豊臣秀吉,伏見,https://ja.wikipedia.org/wiki/%E4%BC%8F%E8%A6%8B
1167,豊臣秀吉,長崎市,https://ja.wikipedia.org/wiki/%E9%95%B7%E5%B4%8E%E5%B8%82
1168,豊臣秀吉,山崎城 (山城国),https://ja.wikipedia.org/wiki/%E5%B1%B1%E5%B4%8E%E5%9F%8E_(%E5%B1%B1%E5%9F%8E%E5%9B%BD)
1169,豊臣秀吉,二条城,https://ja.wikipedia.org/wiki/%E4%BA%8C%E6%9D%A1%E5%9F%8E#羽柴（豊臣）秀吉の「二条第・妙顕寺城」
1170,豊臣秀吉,武家政権,https://ja.wikipedia.org/wiki/%E6%AD%A6%E5%AE%B6%E6%94%BF%E6%A8%A9
1171,豊臣秀吉,豊国神社,https://ja.wikipedia.org/wiki/%E8%B1%8A%E5%9B%BD%E7%A5%9E%E7%A4%BE
1172,豊臣秀吉,大坂藩,https://ja.wikipedia.org/wiki/%E5%A4%A7%E5%9D%82%E8%97%A9
1173,豊臣秀吉,木下利次,https://ja.wikipedia.org/wiki/%E6%9C%A8%E4%B8%8B%E5%88%A9%E6%AC%A1
1174,豊臣秀吉,BNF (識別子),https://ja.wikipedia.org/wiki/BNF_(%E8%AD%98%E5%88%A5%E5%AD%90)
1175,豊臣秀吉,CiNii (識別子),https://ja.wikipedia.org/wiki/CiNii_(%E8%AD%98%E5%88%A5%E5%AD%90)
1176,豊臣秀吉,GND (識別子),https://ja.wikipedia.org/wiki/GND_(%E8%AD%98%E5%88%A5%E5%AD%90)
1177,豊臣秀吉,ISNI (識別子),https://ja.wikipedia.org/wiki/ISNI_(%E8%AD%98%E5%88%A5%E5%AD%90)
1178,豊臣秀吉,LCCN (識別子),https://ja.wikipedia.org/wiki/LCCN_(%E8%AD%98%E5%88%A5%E5%AD%90)
1179,豊臣秀吉,NDL (識別子),https://ja.wikipedia.org/wiki/NDL_(%E8%AD%98%E5%88%A5%E5%AD%90)
1180,豊臣秀吉,NLI (識別子),https://ja.wikipedia.org/wiki/NLI_(%E8%AD%98%E5%88%A5%E5%AD%90)
1181,豊臣秀吉,NLK (識別子),https://ja.wikipedia.org/wiki/NLK_(%E8%AD%98%E5%88%A5%E5%AD%90)
1182,豊臣秀吉,NLP (識別子),https://ja.wikipedia.org/wiki/NLP_(%E8%AD%98%E5%88%A5%E5%AD%90)
1183,豊臣秀吉,SNAC-ID (識別子),https://ja.wikipedia.org/wiki/SNAC-ID_(%E8%AD%98%E5%88%A5%E5%AD%90)
1184,豊臣秀吉,SUDOC (識別子),https://ja.wikipedia.org/wiki/SUDOC_(%E8%AD%98%E5%88%A5%E5%AD%90)
1185,豊臣秀吉,VIAF (識別子),https://ja.wikipedia.org/wiki/VIAF_(%E8%AD%98%E5%88%A5%E5%AD%90)
1186,豊臣秀吉,WorldCat Identities (識別子),https://ja.wikipedia.org/wiki/WorldCat_Identities_(%E8%AD%98%E5%88%A5%E5%AD%90)
